cLO_pT,cLO_phi,cLO_eta,c_pT,c_phi,c_eta,chad_pT,chad_phi,chad_eta,cbarLO_pT,cbarLO_phi,cbarLO_eta,cbar_pT,cbar_phi,cbar_eta,cbarhad_pT,cbarhad_phi,cbarhad_eta,d1_pT,d1_phi,d1_eta,d1bar_pT,d1bar_phi,d1bar_eta,d2_pT,d2_phi,d2_eta,d2bar_pT,d2bar_phi,d2bar_eta,d3_pT,d3_phi,d3_eta,d3bar_pT,d3bar_phi,d3bar_eta,d4_pT,d4_phi,d4_eta,d4bar_pT,d4bar_phi,d4bar_eta,multiplicity,chad_cone_mult,chad_ptcone,cbarhad_cone_mult,cbarhad_ptcone
2.34056,1.94317,6.03366,5.95111,2.03797,5.5611,5.40593,2.03417,5.57166,2.34056,-1.19843,5.13573,0.531886,-2.03415,6.24051,0.501627,3.13813,6.68085,1.95252,1.7685,5.26456,0.60018,1.05597,5.10876,3.55902,2.17871,5.68086,0.952107,-2.56301,5.7545,2.22277,2.20331,5.65805,1.33803,2.13784,5.71636,0.598042,-2.39052,5.60405,0.377177,-2.83863,5.90309,196,4,5.56921,0,0
1.53463,0.485818,-6.30012,1.29495,0.404166,-6.48208,0.635162,0.123958,-7.13743,1.53463,-2.65577,-5.64186,1.63917,-2.63547,-5.56232,0.949195,-2.69248,-6.20465,0.481033,-2.29902,-6.53446,0.791399,-2.56933,-4.70934,1.04632,0.431448,-6.10315,0.190464,3.05508,-7.6039,0.38063,0.33452,-6.40809,0.668492,0.486579,-5.87096,0.139019,-2.42707,-7.06842,0.13692,2.2381,-7.37663,59,1,0.371036,1,0.481033
2.20691,-2.81609,-2.10283,2.13508,2.40699,-1.71768,1.60391,2.29182,-2.15132,2.20691,0.325506,-2.9185,2.71314,0.903962,-2.88112,2.30976,1.03319,-2.89864,0.136726,-0.248008,-3.64131,0.285534,1.06261,-4.1399,1.71836,2.33688,-1.62515,2.02437,1.02905,-2.47438,1.017,2.34051,-1.49849,0.701385,2.33161,-1.78583,1.03316,1.03444,-2.57933,0.991238,1.02342,-2.35202,130,4,2.05424,3,2.31075
0.817529,-0.00214353,3.60835,1.43444,0.84683,3.02902,0.684866,1.08874,3.55053,0.817529,3.13945,2.36537,1.61544,2.76795,2.06589,1.18113,2.34625,2.66989,0.64399,2.45145,2.91638,1.23638,2.38979,1.8711,0.837578,0.23721,2.66475,0.0762954,-0.012382,4.78491,0.470601,-0.0431406,2.54152,0.406755,0.56307,2.70145,0.115295,-1.29669,3.76719,0.118922,1.182,3.55235,105,2,0.821209,2,0.75969
0.903123,2.56926,-7.32327,0.953231,2.57792,-7.23642,0.697717,2.658,-8.23926,0.903123,-0.572334,-8.45054,0.55494,-0.676932,-8.95445,0.293714,-0.587175,-9.22434,0.307747,3.11037,-8.71063,0.615742,0.889963,-6.79585,0.441895,2.34869,-7.46949,0.656947,-1.79031,-8.21498,0.141336,2.51052,-8.02587,0.303262,2.27352,-7.02971,0.396589,-1.96832,-8.21505,0.275718,-1.53277,-8.15755,88,4,0.632508,0,0
0.770406,-0.980122,-3.72573,1.13034,0.655214,-2.95124,1.16977,1.09322,-3.32529,0.770406,2.16147,-5.46432,2.12047,2.22642,-4.28343,1.62584,2.18286,-4.47526,0.580576,2.48465,-2.18189,1.25208,2.61042,-4.22225,1.20959,0.601347,-3.12241,0.711467,1.36496,-4.39065,0.727204,0.558429,-3.1635,0.484058,0.665848,-3.05363,0.255884,1.66251,-4.72252,0.472816,1.20563,-4.10376,91,3,1.38701,2,1.50796
0.987555,-0.7407,8.25728,1.00251,-0.696835,8.22738,0.458832,-0.292657,8.78416,0.987555,2.40089,7.21395,1.04724,2.28137,7.19963,0.452756,2.46705,8.46906,0.633738,-2.04806,7.63591,0.337948,-0.717154,5.90973,0.847882,0.532621,7.59366,0.790529,2.44884,7.85224,0.315976,0.801084,7.77024,0.549651,0.37954,7.43899,0.281084,2.17223,8.04888,0.525764,2.59537,7.69299,49,0,0,2,0.458468
0.910229,2.39193,4.8197,0.972766,2.55604,4.80498,0.384058,2.15331,6.14805,0.910229,-0.749665,6.38233,1.00178,-0.490217,6.27559,0.289573,-0.561195,7.3836,0.688037,1.99885,5.13834,0.701725,-2.13837,5.44467,0.314157,-1.33194,5.29151,0.760829,0.612788,5.98897,0.273308,-1.44872,4.8821,0.0532761,-0.691255,6.20389,0.343243,0.777864,5.84717,0.426004,0.479995,6.07217,90,1,0.485966,1,1.13598
1.08148,-1.29563,5.78976,1.19096,-1.66909,5.81167,0.628016,-1.19053,6.829,1.08148,1.84596,7.10053,1.33379,1.89151,6.86579,0.929817,2.30397,7.03083,0.810843,-1.72534,5.2145,0.633738,1.12697,6.77927,0.419093,0.547122,6.93653,0.902212,3.00979,6.30598,0.226292,1.07062,6.9467,0.250149,0.0778488,6.66406,0.391414,2.71384,6.36927,0.540019,-3.06039,6.19899,70,2,0.250772,0,0
0.478992,-0.103668,-4.52893,0.469196,0.0416132,-4.50998,0.354129,-2.44745,-4.51299,0.478992,3.03792,-2.8409,1.02078,-2.86841,-2.39462,0.161106,-2.51894,-4.6921,0.402197,2.78123,-1.67344,0.528558,-1.79384,-3.07758,0.382814,-1.29518,-4.36894,0.42174,1.60389,-2.68027,0.317506,-1.1208,-3.9729,0.0891735,-1.96105,-5.00921,0.104332,2.19543,-3.33041,0.340148,1.432,-2.25616,72,3,1.21589,2,1.19684
1.7939,-1.78549,-2.53549,1.85558,-1.47551,-1.78518,1.01834,-1.93192,-2.36185,1.7939,1.3561,-4.14663,2.93899,1.17839,-3.74665,2.31493,1.15693,-3.70885,0.468011,-1.50049,-2.79561,1.03555,1.90527,-3.38015,0.624659,-2.25059,-1.63284,1.70816,0.731733,-3.62456,0.391435,-2.08312,-1.62636,0.247456,-2.51741,-1.5889,0.624311,0.677626,-3.65784,1.08529,0.762848,-3.60355,105,1,0.468011,4,2.00057
1.21484,-1.23702,-4.88578,1.77827,-1.79808,-4.7768,0.927358,-2.25445,-5.37932,1.21484,1.90458,-4.1093,1.72636,2.55621,-3.91163,1.22088,-3.05036,-4.25587,0.846889,3.08949,-4.38429,0.440684,-1.45077,-2.88197,0.806133,-1.24241,-5.10756,1.30985,2.88984,-4.09008,0.556427,-1.19392,-4.86816,0.251809,-1.34972,-5.48743,0.460322,2.88222,-4.2024,0.849554,2.89397,-4.02349,63,0,0,0,0
1.0202,-2.81964,-4.39984,0.66415,-1.99305,-4.81901,0.53279,-2.04283,-4.62767,1.0202,0.321952,-1.91862,1.86951,-0.396939,-1.83779,1.25983,-0.915554,-2.43692,0.415419,0.753821,-2.52138,1.09206,-1.35796,-1.5614,0.934358,-2.19374,-3.96718,0.541346,0.126872,-2.84968,0.563717,-2.29958,-4.00365,0.378509,-2.03576,-3.88804,0.329172,-0.123255,-2.56907,0.236872,0.478024,-3.06234,77,2,0.863795,0,0
1.5718,0.569614,-3.72753,2.60069,0.117187,-3.47324,2.15533,0.00419731,-3.77288,1.5718,-2.57198,-4.55964,1.1153,-1.87958,-4.68822,0.628132,-1.52608,-5.13864,0.423382,0.449712,-4.66536,0.543651,-0.397807,-4.79985,1.78263,-0.0983279,-3.3101,0.630591,-2.41929,-4.17581,1.05268,-0.192804,-3.24023,0.741335,0.0360304,-3.38756,0.4631,-2.38769,-3.96208,0.168359,-2.50629,-4.59731,210,4,2.58037,2,0.506429
1.31597,-2.90651,6.00495,2.01747,-2.84222,5.73823,1.07231,-2.93705,6.11359,1.31597,0.23508,5.33619,0.744076,0.196512,5.6745,0.301386,-2.07667,7.01259,0.697691,2.12431,5.06462,0.61872,-2.71055,5.83828,1.06065,-2.27067,5.86586,0.416115,-0.0123213,5.68379,0.452813,-2.40852,6.07218,0.615286,-2.16937,5.6665,0.208137,0.154137,5.41761,0.213656,-0.174441,5.86701,133,4,1.74745,1,0.314005
1.98978,-0.826242,-2.78482,2.37838,0.15708,-2.13161,2.30931,0.428422,-2.471,1.98978,2.31535,-3.30535,1.87497,1.70898,-3.35464,1.29936,1.77009,-3.54077,0.12173,-1.29726,-0.927638,0.398482,-0.617552,-3.33947,2.33119,0.480038,-2.45223,1.61308,1.94,-3.0374,1.48814,0.478532,-2.41983,0.843062,0.482695,-2.507,0.583962,1.93776,-3.17805,1.02912,1.94128,-2.94786,186,3,2.49904,5,1.94916
1.25312,-1.01618,2.80076,1.96374,-0.851852,2.31875,1.19718,-1.03766,2.72288,1.25312,2.12541,1.52235,1.37899,1.58806,1.68808,1.14271,0.953922,2.06012,0.494989,0.410986,1.39876,0.0380913,-1.19204,-1.80826,1.23848,-1.44558,2.58086,1.16387,0.981387,2.06686,0.809935,-1.42274,2.51061,0.429159,-1.48868,2.7002,0.516906,1.08845,1.97867,0.652269,0.896601,2.12434,96,4,1.61178,3,1.78936
1.61338,1.70491,5.06583,1.82324,1.57434,4.97562,1.09603,1.25658,5.44406,1.61338,-1.43669,4.96181,1.4601,-1.26014,5.04589,0.642249,-1.41077,5.91115,1.03444,1.27465,4.31679,0.655786,-2.78076,5.19693,0.0645204,0.962691,7.91171,0.821291,-0.512202,4.97238,0.0213925,1.23885,8.55126,0.0443239,0.830711,7.29691,0.352673,-0.706674,4.94862,0.480128,-0.369773,4.96563,108,1,0.0325991,1,0.266833
1.37637,0.1579,0.794471,2.10947,-0.4267,0.239918,1.55984,-0.257483,0.0225381,1.37637,-2.98369,-1.65351,1.77047,-1.83588,-1.20992,2.18508,-1.59457,-0.895374,0.470643,1.15387,-0.70948,0.377751,-1.86403,0.575915,1.55611,-0.560721,0.252929,1.82373,-1.5394,-1.10736,0.962804,-0.533888,0.306691,0.594218,-0.604206,0.163956,1.0861,-1.55868,-1.15411,0.738134,-1.51103,-1.03466,72,2,1.55702,2,1.82423
1.16119,2.61237,-3.25865,2.87124,2.87078,-3.11949,2.30045,2.81921,-3.29631,1.16119,-0.529227,-4.8222,0.327355,-0.3835,-5.7911,0.293155,-2.85369,-5.9273,0.577799,1.56916,-2.81481,0.136435,-1.06668,-2.39065,2.1881,3.0725,-3.17851,0.348877,3.03758,-5.73976,0.846972,3.08296,-3.16671,1.3412,3.0659,-3.18584,0.226225,2.81341,-5.6773,0.137816,-2.87208,-5.72907,110,3,2.76922,1,0.137816
1.68372,0.499717,-4.49894,0.606197,2.08146,-5.45222,1.20523,2.81579,-4.55205,1.68372,-2.64188,-3.91677,2.26408,3.02421,-3.62136,1.45656,2.88271,-4.24688,0.302244,2.52265,-5.47944,0.467684,2.16295,-2.70575,0.920034,2.91086,-3.81733,1.14709,-3.12836,-4.41475,0.313278,2.98138,-4.1479,0.607935,2.87454,-3.58947,0.465224,2.93688,-4.53031,0.700136,-2.98418,-4.30104,53,3,0.832732,3,1.38644
1.70782,-1.24315,3.60915,3.29658,-1.83013,3.12322,2.39272,-2.1103,3.4048,1.70782,1.89844,3.79761,2.00325,-3.13252,3.4674,1.65481,-2.62206,3.47639,1.01628,-2.80409,3.43227,1.34943,-2.60526,2.72887,1.73749,-1.72696,3.15176,0.306414,-2.69612,4.6761,0.656563,-1.72117,3.29639,1.08094,-1.73048,3.05251,0.0587398,2.74431,5.65053,0.2709,-2.53354,4.09025,121,7,3.84428,5,2.16755
1.83059,0.746358,6.19513,1.69457,0.306122,6.23271,1.05335,0.0852138,6.765,1.83059,-2.39523,5.79023,2.28565,-2.06485,5.74271,1.66348,-1.91432,5.90197,0.835055,0.787855,6.4924,1.36649,-1.55624,5.42201,0.681425,-0.828754,6.27521,0.613657,-2.80971,6.18926,0.189571,-0.926123,6.7361,0.493096,-0.79137,6.01694,0.273771,2.94989,6.24647,0.400669,-2.46106,5.97615,182,1,0.0494706,2,1.76716
0.848515,0.0960761,5.77558,1.40023,0.0153212,5.32936,1.47699,0.201437,5.14463,0.848515,-3.04552,3.83915,0.265872,3.00597,4.77461,0.323274,-2.54739,5.2765,0.809327,-0.336158,5.28559,0.512235,1.69063,4.22136,0.884877,0.688861,4.66027,0.719839,-1.86194,3.67467,0.4943,0.459664,4.70069,0.41884,0.96031,4.53682,0.49408,-1.75294,3.41477,0.234921,-2.09275,4.04111,93,5,1.92219,2,1.42953
1.43728,2.15729,-5.76424,0.758376,1.98152,-6.30823,0.466358,1.29433,-6.63676,1.43728,-0.984306,-4.75735,2.242,-0.922271,-4.67669,1.77065,-1.08057,-5.06066,0.847126,1.89919,-5.05624,0.268383,-2.02278,-6.17359,0.534011,-0.722715,-6.03299,1.62739,-0.94678,-4.52653,0.160572,-1.08667,-6.33208,0.388189,-0.574933,-5.83186,0.900955,-0.864755,-4.43155,0.733185,-1.04763,-4.62377,138,3,0.31382,3,1.76609
1.92014,-0.934888,-7.00006,1.81177,-1.85968,-6.85459,1.3436,-1.88037,-6.97181,1.92014,2.2067,-5.5951,1.49872,2.66193,-5.98555,1.45544,2.97965,-6.40622,1.26678,-2.20276,-6.47391,0.311658,0.515077,-5.24159,0.425768,-0.64981,-7.26994,1.70955,3.09411,-6.17615,0.298836,-0.999629,-7.00756,0.177549,-0.0349434,-7.3683,0.622793,3.03651,-6.31003,1.08838,3.12706,-6.08899,182,4,2.49911,2,1.71117
1.68035,-1.10609,5.62963,1.76121,-1.26052,5.58839,1.4627,-1.49081,5.70024,1.68035,2.0355,4.73999,1.70809,2.30611,4.74667,1.27404,2.17611,5.19713,0.568094,-0.31277,4.58453,0.599969,1.2795,5.40438,1.35135,-1.88968,5.64331,1.01429,2.65647,4.5592,0.786042,-1.75259,5.68459,0.582671,-2.0751,5.55267,0.418205,2.63932,4.75693,0.596189,2.66851,4.39251,90,3,1.4044,1,0.418205
0.820335,1.80707,-8.32657,0.612423,1.38263,-8.6213,0.23412,0.94026,-9.20699,0.820335,-1.33452,-7.02822,0.86691,-1.5836,-6.96636,0.373673,-1.36275,-8.53343,0.600823,-0.411656,-7.71431,0.348691,2.84761,-8.12448,0.595578,2.33612,-7.41331,0.621785,-0.84883,-7.0568,0.197418,2.63247,-7.79388,0.410832,2.19532,-7.1211,0.246129,-0.936205,-7.43277,0.377207,-0.79186,-6.69737,74,0,0,0,0
0.824903,-2.72884,-5.66188,0.767261,-2.53044,-5.71541,0.27313,-2.96725,-7.41715,0.824903,0.412751,-7.2173,0.955912,0.351617,-7.07635,0.688559,-0.0268901,-7.08937,0.383865,-0.359721,-4.41258,0.457938,-0.696738,-7.11773,0.634383,3.00283,-6.50226,0.435266,0.684921,-6.39537,0.465833,3.05923,-6.27867,0.171316,2.84895,-6.92664,0.224539,1.1416,-6.09702,0.253844,0.284224,-6.45206,101,1,0.487992,3,0.777902
1.62794,-1.32817,-0.616476,2.38358,-1.02923,-0.254025,2.08246,-0.84715,-0.0288453,1.62794,1.81343,0.488732,1.58572,1.17667,0.453317,0.989691,1.18612,0.202553,0.246212,1.45396,-0.92218,0.442796,1.077,-1.15659,2.25418,-0.928608,0.0888519,0.551641,1.27366,1.20335,1.24842,-1.00331,0.139439,1.01353,-0.83655,0.0255593,0.281067,0.957306,0.965284,0.297654,1.57182,1.32538,23,2,2.26196,1,0.108827
1.42378,-0.435011,-0.186152,1.007,-0.0888334,-0.0751921,0.755736,1.1568,0.674787,1.42378,2.70658,1.18443,2.06543,1.84009,0.676123,1.21446,1.40018,0.719422,0.641454,0.29932,0.982455,0.38873,-1.82852,0.329677,0.590071,2.12178,-0.311888,1.60208,1.37907,0.492086,0.208464,1.75051,-0.162302,0.402971,2.31059,-0.371222,0.690515,1.47828,0.394053,0.917509,1.30445,0.560265,81,5,3.03914,5,3.03914
1.53977,0.470425,4.83396,1.3302,0.436481,4.776,0.688143,0.863528,5.6468,1.53977,-2.67117,5.73434,1.42599,-2.33571,5.89116,1.07044,-1.88009,6.04978,0.543046,2.05204,5.37447,1.15207,-1.67352,5.48619,0.699739,0.0596556,4.71135,0.243099,2.59507,6.58396,0.304696,0.395625,4.8775,0.424146,-0.179454,4.49015,0.174258,-3.01368,6.32654,0.152605,1.80123,6.24183,67,1,0.101309,1,1.15207
2.03939,1.4531,5.92381,3.23797,1.0781,5.69805,2.92625,1.05264,5.90133,2.03939,-1.68849,6.94809,0.725826,0.115952,7.60075,0.894944,0.456744,7.31712,1.54068,1.50295,5.60913,0.682654,-0.299216,7.13961,1.6789,0.641758,5.95754,0.614727,1.32281,6.67458,0.939672,0.523029,5.93956,0.754098,0.789898,5.96001,0.445361,1.37362,6.36491,0.171439,1.19052,7.1932,102,5,3.98416,2,0.594428
1.48816,-0.541108,3.53391,2.06886,-0.0988988,3.3847,0.552274,0.652665,4.51424,1.48816,2.60048,3.66313,1.34298,1.88483,3.56482,1.23709,0.569817,3.73186,0.497594,-2.78309,2.79171,0.483338,0.548446,4.28818,1.03856,0.5133,3.70842,0.753931,0.583518,3.08369,0.654356,0.528921,3.6918,0.384422,0.486708,3.73553,0.481773,0.568143,2.78493,0.272316,0.610721,3.46004,96,2,0.515866,8,2.61267
0.314099,-2.07914,5.18852,0.177453,2.55222,5.72662,0.729114,-2.90942,5.39464,0.314099,1.06245,6.96082,0.246128,-0.516692,7.21031,0.716,0.0807729,5.70935,0.736534,-1.79442,4.01412,0.98639,-0.155183,4.79274,0.775448,2.35235,5.04012,0.335037,2.46328,5.66838,0.279788,2.53506,5.1284,0.502894,2.25108,4.97213,0.222209,3.07993,5.30997,0.200385,1.76711,5.55979,79,2,0.482385,0,0
2.26884,-2.85212,2.05577,3.36289,-2.2984,1.81272,3.1926,-2.17492,1.70326,2.26884,0.289472,1.55096,2.08719,-0.363068,1.34876,1.60826,-0.319747,1.78745,1.57184,-2.3894,1.92861,0.102096,-2.46769,-0.668644,1.69021,-1.97568,1.39016,1.66617,-0.268374,1.76879,0.769349,-2.09216,1.49873,0.930379,-1.87943,1.2819,1.01697,-0.198272,1.73013,0.655575,-0.377247,1.81737,45,5,3.55257,3,2.45445
1.78172,-1.96659,-3.32705,1.53483,-2.46902,-3.10764,0.991416,-2.84263,-3.57021,1.78172,1.175,-2.65066,3.07551,1.68302,-2.79691,2.57883,1.83008,-2.91511,0.730794,2.69392,-2.17378,1.81196,1.80088,-2.42954,0.673345,-2.01384,-3.75814,0.769468,1.89889,-3.55978,0.228571,-2.07573,-3.89143,0.445436,-1.9821,-3.68056,0.405577,1.66107,-3.37204,0.387279,2.14818,-3.67223,49,0,0,2,2.21753
1.4979,1.37265,4.82852,1.6636,1.25081,4.90065,1.13483,1.0309,5.35359,1.4979,-1.76894,5.60465,1.57412,-1.68141,5.46636,0.986866,-1.81002,5.88845,0.579957,0.112477,5.50037,0.486237,-1.89692,6.2567,0.90835,1.56302,4.68015,0.504233,-1.72623,5.31492,0.543516,1.40854,4.6671,0.380609,1.78456,4.65695,0.20038,-1.86546,5.26875,0.307055,-1.63554,5.33376,70,3,1.04804,5,1.41431
1.50623,-2.21971,-3.74882,1.85517,2.48512,-3.4837,1.9527,2.21718,-3.27278,1.50623,0.921885,-3.12138,2.91532,1.42631,-2.56458,2.49986,1.50001,-2.9207,0.452639,-2.46555,-3.32269,0.602611,0.461322,-2.24398,2.01751,1.991,-2.96206,2.25474,1.7324,-2.89451,0.712715,1.97016,-3.06547,1.30504,2.00239,-2.90055,1.38994,1.76322,-2.91645,0.866515,1.68296,-2.85626,90,5,4.52665,5,4.80324
1.24049,-0.0209825,-6.0499,1.19813,-0.0865144,-6.02923,1.15858,-0.441877,-6.57818,1.24049,3.12061,-7.61302,1.04078,3.14004,-7.80054,0.888479,2.72966,-7.80582,0.740956,-1.43427,-5.47123,0.329774,-0.441227,-7.92825,0.976069,0.246961,-6.51209,1.21815,2.72173,-6.94636,0.412587,0.0200866,-6.48838,0.581507,0.40724,-6.49761,0.759152,2.62448,-6.92159,0.46842,2.87974,-6.9657,92,4,0.965062,1,0.26778
1.65524,0.807013,6.57947,1.43548,0.965563,6.65923,0.741147,1.25244,7.32753,1.65524,-2.33458,6.41333,1.9254,-2.45753,6.35421,0.960245,-2.42111,6.97455,0.520083,0.243616,5.41184,0.439423,0.133298,5.8429,0.639529,2.01138,7.36594,1.34823,-2.60268,6.47552,0.427955,1.90273,7.27934,0.21907,2.22485,7.48625,0.601808,-2.40088,6.51036,0.768162,-2.76035,6.41781,135,2,1.26118,2,1.36997
1.60761,-3.07098,3.30784,2.21565,-2.81114,3.26854,1.62976,-2.70079,3.34646,1.60761,0.0706112,2.73146,0.786021,0.808074,2.89609,0.491249,1.76271,3.96661,0.776539,-1.64836,2.72093,0.448326,-1.95942,1.83596,1.416,3.08588,3.19432,0.900353,1.48609,3.25025,0.918954,3.08138,3.0799,0.497075,3.0942,3.37657,0.28819,1.57797,3.4741,0.613948,1.443,3.12173,174,6,1.03497,2,0.406992
1.49894,1.0355,-5.53495,1.38763,1.26513,-5.50273,1.11413,1.5125,-6.04844,1.49894,-2.10609,-6.43576,1.49175,-2.31494,-6.49407,1.10376,-2.20922,-6.65242,0.928421,0.888598,-5.70154,0.482242,-2.51737,-7.10672,0.651333,2.49653,-5.69599,0.660628,-1.98597,-6.00042,0.472101,2.67903,-5.39061,0.20576,2.06703,-6.08457,0.42643,-1.86242,-5.69041,0.243192,-2.20376,-6.3584,92,4,0.945692,2,0.725435
1.53972,1.8536,-4.46663,1.62259,1.34419,-4.43246,1.4681,1.49501,-4.85094,1.53972,-1.28799,-6.05653,1.27106,-1.72759,-6.24451,1.04385,-1.45756,-6.23207,0.467829,-2.89913,-4.52973,0.4702,-2.49365,-6.5059,1.67452,1.22644,-4.45666,0.900263,-0.991481,-5.48276,0.722919,1.34849,-4.56755,0.961015,1.13472,-4.35351,0.501214,-1.22576,-5.49581,0.428828,-0.716707,-5.39414,242,9,3.79629,4,0.687659
1.44446,1.81038,6.78635,1.59048,1.77097,6.7762,0.987689,1.78998,7.51054,1.44446,-1.33121,7.29765,1.34427,-1.3245,7.31703,0.744271,-1.26191,7.68172,0.669306,1.11957,5.98518,0.802203,-2.31881,6.77813,0.622511,2.52151,7.81266,0.781326,-0.155486,7.05929,0.373827,2.46261,7.85452,0.250301,2.60955,7.73975,0.451372,0.0060808,6.83926,0.343593,-0.368415,7.25795,49,1,0.183458,1,0.505448
1.76541,-0.477492,7.05613,2.32937,-1.51435,6.94469,2.04534,-1.53092,7.24794,1.76541,2.6641,8.17151,1.62102,3.05661,8.12849,1.57194,-3.04964,8.07238,1.13951,-1.15654,6.47673,0.455834,1.37431,7.45525,1.06929,-1.93124,7.59858,1.75683,-2.79825,7.79105,0.590251,-2.14111,7.5078,0.507131,-1.68631,7.64319,1.06477,-2.88082,7.76149,0.701212,-2.67269,7.82176,98,3,1.19453,2,1.76598
1.58104,-0.971852,4.72271,3.34407,-1.53655,3.83282,2.61452,-1.75932,3.97782,1.58104,2.16974,4.1999,2.00322,-2.8504,3.96747,1.54304,-2.44895,4.24308,1.38534,-1.41495,4.1073,1.35172,-2.48942,4.02377,1.39147,-2.10212,3.68459,0.200045,-2.17207,5.07045,0.807456,-2.15458,3.52244,0.58665,-2.02989,3.86823,0.221449,-2.02906,4.2619,0.036913,1.99511,6.08097,110,7,3.83007,7,4.67147
0.919075,-0.150888,5.6355,1.95282,-1.19508,4.82485,1.76054,-1.609,4.69003,0.919075,2.99071,4.25752,1.31791,-2.35923,3.99198,1.00691,-1.8316,4.77666,1.33998,-1.33003,4.00676,0.774341,-1.8789,3.28853,0.599392,-2.27214,5.28254,0.236284,-1.67602,6.03575,0.38413,-2.43156,5.20336,0.228423,-2.0019,5.35057,0.134225,-1.34752,6.113,0.117507,-2.05343,5.78318,79,1,0.411697,2,0.64012
0.603803,-1.57566,-4.87032,0.667084,-2.16278,-4.70709,0.44033,-1.71567,-4.69886,0.603803,1.56593,-3.2554,1.16707,1.30506,-2.9431,0.852296,1.59728,-3.98743,0.643011,2.78161,-2.95909,0.759823,2.60618,-3.45307,0.85336,-0.888323,-3.74236,0.78337,0.634459,-3.3343,0.288126,-1.09883,-4.02171,0.574757,-0.783382,-3.54628,0.538237,0.731431,-3.17864,0.253085,0.427065,-3.57753,87,2,0.776787,3,1.07449
1.7882,-0.7616,-7.02325,1.97414,-0.636114,-6.75557,1.50248,-0.589132,-6.98909,1.7882,2.37999,-5.91322,2.21036,2.12341,-6.01736,1.58108,2.09332,-6.29153,0.603303,-0.147817,-7.44687,0.0621392,1.53593,-8.76341,0.99107,-0.852165,-6.39828,1.5287,2.11482,-5.69877,0.569129,-0.83484,-6.46785,0.422142,-0.875523,-6.29557,0.703937,1.97525,-5.80541,0.837355,2.23204,-5.58264,151,3,1.90156,5,1.50801
1.99097,0.482592,2.29279,2.36585,0.919067,2.27524,1.8917,1.15419,2.51256,1.99097,-2.659,2.52826,1.36556,2.93238,2.74351,0.795489,2.56354,3.26178,1.25027,1.54908,1.83826,0.334403,2.25361,0.927589,0.880614,0.576371,2.87271,0.4878,2.77418,3.71495,0.421875,0.433586,2.71437,0.466908,0.705304,2.9816,0.200353,-3.03845,3.74221,0.322288,2.48845,3.58124,78,1,0.466908,4,1.06651
0.374074,-0.780243,-7.03601,0.309949,-0.258964,-7.2116,0.224012,-1.62153,-8.36864,0.374074,2.36135,-8.71088,0.491476,3.05259,-8.44146,0.321935,2.36739,-8.46907,0.419008,2.90204,-5.18692,0.586618,2.6122,-7.47336,0.510867,-0.684822,-7.4634,0.285165,-0.252231,-7.47187,0.299021,-0.499553,-7.5109,0.223847,-0.93345,-7.33716,0.155613,0.133316,-7.58284,0.152639,-0.6457,-7.15593,63,0,0,2,0.704739
0.781366,-2.36568,-6.04194,1.42254,-1.84133,-5.37522,1.27125,-1.83277,-5.30861,0.781366,0.775913,-3.76473,1.35953,-0.45079,-3.44727,1.26041,-0.515657,-3.89872,0.294498,-2.13978,-6.2915,0.398713,2.02092,-3.13598,0.994514,-1.74315,-4.58912,1.60446,-0.657474,-3.49851,0.670546,-1.76931,-4.43796,0.324671,-1.68912,-4.84189,0.959455,-0.768079,-3.41042,0.659429,-0.496175,-3.59462,88,2,0.887772,2,1.61888
2.35341,2.40097,5.77231,2.89666,1.77086,5.33986,2.26819,1.75497,5.5517,2.35341,-0.740624,4.99261,3.21073,0.151409,4.99394,3.20593,0.348019,5.03567,1.45802,2.14562,5.08232,1.55615,0.81312,4.82016,1.07456,1.21201,5.78461,1.94465,-0.0190809,5.03919,0.660602,1.37379,5.65257,0.435775,0.96533,5.91339,0.840461,0.105781,5.05251,1.11565,-0.113038,5.0186,175,3,2.40894,5,3.80169
1.73789,3.03292,-4.07289,3.58387,-2.9144,-4.29433,2.57758,-2.96576,-4.53996,1.73789,-0.108674,-4.29688,1.13288,-1.13393,-4.9936,1.37928,-1.82253,-4.81355,0.479891,-1.55732,-4.45968,0.8235,-2.6936,-4.65921,2.54447,3.13021,-4.36442,1.05716,-1.18411,-4.3629,1.07181,3.05621,-4.43005,1.47772,-3.09932,-4.31036,0.636311,-1.02895,-4.2251,0.439635,-1.40969,-4.4971,119,4,2.83504,4,1.31032
2.16532,0.29628,5.11367,1.50406,-0.163153,5.05885,1.14359,0.0645021,5.2315,2.16532,-2.84531,4.15795,2.26475,3.0128,4.25184,1.90331,-3.12734,4.55967,0.246376,-2.17522,5.96067,1.49128,-2.85254,4.37125,1.3107,0.212504,4.50335,0.618683,2.44289,4.63666,0.80541,0.32389,4.36701,0.518079,0.0388285,4.66332,0.328251,2.23105,4.40174,0.305663,2.67064,4.79795,117,4,0.930649,1,1.49128
2.92565,-0.986077,-0.0856006,3.85164,-0.771236,-0.10664,3.46143,-0.685953,-0.00326482,2.92565,2.15552,0.589135,0.805676,1.27432,1.31628,0.518248,0.566513,1.36149,1.88236,-0.457976,0.260825,0.596879,-0.224876,1.24707,1.68244,-0.941592,-0.29745,0.435905,1.90884,-0.0187131,0.749316,-0.997457,-0.168803,0.935234,-0.896841,-0.396652,0.295997,1.90668,-0.379252,0.139911,1.91341,0.703846,47,3,3.56691,0,0
0.750758,-0.927911,5.78213,0.709527,0.60586,5.85543,0.813795,0.442762,5.48174,0.750758,2.21368,4.15484,1.21758,2.02681,3.88542,1.33899,2.11066,4.42176,0.842172,-0.400209,4.25362,0.230372,-0.586601,5.19151,0.677977,1.63027,5.30337,1.55016,2.17459,3.81118,0.347121,1.2994,5.25149,0.367419,1.94224,5.25024,0.966865,2.23059,3.70956,0.587312,2.08231,3.95291,88,1,0.204964,1,0.587312
0.173159,0.864825,-4.12472,0.564179,2.11087,-3.25297,0.661503,2.44256,-3.76937,0.173159,-2.27677,-5.99699,1.12409,-3.07516,-4.33486,0.905499,-3.12348,-4.37161,0.636005,-2.53917,-2.13008,0.534343,-3.13063,-4.58223,0.786249,1.5483,-3.39375,0.371189,-3.11318,-3.95983,0.523707,1.61271,-3.30356,0.265774,1.42112,-3.54031,0.21359,-3.1152,-4.01997,0.1576,-3.11044,-3.87207,74,0,0,5,1.73104
1.05653,1.15481,-4.52111,1.17472,0.857622,-4.57818,0.152114,1.51247,-6.08957,1.05653,-1.98678,-3.4897,0.113545,-2.04553,-5.2492,0.871017,0.884375,-4.28105,0.672817,-0.313108,-3.28663,0.628042,2.52378,-3.58646,0.726231,2.62438,-4.21484,1.1082,0.28347,-3.59482,0.504436,2.54583,-3.96653,0.22683,2.79977,-4.59795,0.446369,0.305733,-3.63828,0.662017,0.268461,-3.56412,102,0,0,1,0.68111
1.25833,-3.1398,5.67045,1.54782,-3.07148,5.36326,0.813034,3.06854,5.72994,1.25833,0.0017941,4.53246,1.47788,0.0662699,4.63233,0.691036,-0.303252,5.74479,0.209244,0.0496879,3.45298,0.500357,3.00029,4.63843,1.02103,3.09363,5.47543,1.18759,-0.235263,4.9296,0.415119,2.87388,5.48466,0.622502,-3.04367,5.44203,0.436619,-0.220377,5.18607,0.751047,-0.243917,4.74319,84,3,1.63396,3,1.70784
1.41778,2.70362,-2.25893,0.883951,2.31747,-2.74357,0.668781,1.8201,-2.94271,1.41778,-0.43797,-0.264149,1.45526,-0.699473,-0.196098,1.21923,-0.943639,-0.607659,0.302782,-1.61299,-3.10672,0.314127,0.3635,1.00459,0.96273,1.72959,-1.83803,1.17711,-1.20422,-0.870281,0.346744,1.90579,-1.92598,0.624321,1.63208,-1.77238,0.410882,-1.24178,-1.05506,0.766669,-1.18409,-0.759778,95,0,0,2,1.17755
0.801023,-2.13954,6.97288,0.835341,-0.129495,6.99374,0.704884,-0.033996,7.04539,0.801023,1.00206,4.91433,1.5254,1.27197,4.7272,1.34154,1.23601,5.28113,0.927819,-0.212712,6.30078,1.02384,0.519596,4.68978,0.265581,2.43754,7.04034,0.881052,2.10412,5.15262,0.117919,-3.04152,6.96043,0.202452,2.00464,6.78428,0.525503,2.32429,5.01337,0.385705,1.80199,5.24694,98,3,1.02925,4,1.06823
1.89735,-1.74446,1.41311,4.03822,-1.26551,1.66152,3.45087,-1.17575,1.74594,1.89735,1.39713,1.70582,1.69765,0.284869,1.9867,1.5587,-0.0669827,2.14015,1.49737,-0.68383,1.57154,0.539324,1.42364,2.07714,2.24533,-1.49618,1.73086,1.60803,-0.407862,1.73473,0.886571,-1.50764,1.68626,1.35886,-1.4887,1.75893,0.94603,-0.460436,1.78258,0.665171,-0.333054,1.65795,109,4,4.07278,4,2.47048
1.4372,0.686567,-1.69394,1.79722,0.481654,-2.36203,1.14997,0.366448,-2.89134,1.4372,-2.45503,-2.52114,2.01669,-2.15902,-2.25018,1.17773,-2.07828,-2.61137,0.596639,1.9871,-2.19879,1.02402,-2.53625,-1.62512,1.32167,-0.10129,-2.45915,0.521712,-1.02749,-3.04642,0.52081,-0.194517,-2.45975,0.80458,-0.0409943,-2.45419,0.268238,-0.87886,-2.79184,0.25949,-1.18117,-3.23663,72,2,0.944604,1,0.173796
0.734065,2.1177,8.90753,1.5115,2.04252,8.19947,1.25784,2.05872,7.93149,0.734065,-1.0239,5.74734,0.655908,0.000975508,5.83268,0.567158,1.12441,6.84205,1.21846,1.67535,7.33074,0.545556,-0.772516,5.03042,0.473344,-2.92712,8.15117,0.90419,1.73282,6.20467,0.223232,2.97247,8.15515,0.279132,-2.62315,8.03783,0.361076,1.77339,6.4551,0.543609,1.70587,5.99404,86,0,0,0,0
1.22389,2.90542,2.57134,1.1056,1.21046,2.46546,1.12874,0.393496,2.86008,1.22389,-0.236169,3.6597,3.49279,-0.127251,2.67262,2.63525,0.00668395,2.77702,0.701549,-0.93766,2.21726,0.279223,-2.1216,2.53928,1.17912,1.00974,2.42936,2.79305,0.0916199,2.63315,0.423368,0.985975,2.5592,0.755936,1.02305,2.3484,1.60343,0.16116,2.60479,1.19868,-0.0014606,2.66264,127,5,4.05069,4,3.62732
1.09654,-2.48326,7.79201,0.948693,-2.57671,7.92213,0.487319,-2.75556,8.43406,1.09654,0.658328,6.33585,1.23488,0.603551,6.28698,0.66278,0.577785,7.1749,0.847239,2.85776,7.13182,0.919951,0.0406347,5.94084,0.55496,-0.860459,7.664,0.487721,2.41332,6.96399,0.331384,-0.484107,7.53614,0.275188,-1.31894,7.62003,0.199623,1.76746,7.08166,0.3496,2.76415,6.68,85,0,0,1,0.112599
1.83592,1.51002,-7.40682,1.99936,1.5916,-7.2673,0.967287,1.5899,-7.48752,1.83592,-1.63157,-5.91939,2.13149,-1.78864,-5.99519,0.851563,-1.61091,-6.89387,0.91127,0.991521,-7.04224,0.852853,-1.4548,-6.54023,0.556275,2.76513,-7.11556,0.132911,-3.11333,-7.53658,0.267265,2.32175,-7.2004,0.335079,3.11436,-6.88222,0.0958065,-2.74217,-7.37415,0.0557757,2.49727,-7.45623,97,1,0.0180103,3,1.48126
0.505442,2.45998,-8.13122,0.529286,-3.1042,-8.09804,0.752564,-2.76353,-7.59474,0.505442,-0.681614,-6.27903,0.494202,-1.2799,-6.28601,0.379358,-0.603954,-7.20331,0.8888,-3.02525,-7.00674,0.534496,3.13822,-6.08874,0.25321,-0.760937,-7.61694,0.874164,-0.251141,-5.74824,0.232849,-0.838263,-6.9134,0.0276936,-0.0539911,-9.22291,0.528778,-0.0541331,-5.69719,0.37037,-0.534366,-5.75184,54,1,0.8888,1,0.232849
1.50305,-1.28444,-6.99581,1.79252,-1.43899,-6.81935,1.3005,-1.22229,-7.31166,1.50305,1.85715,-7.78087,1.18123,2.00247,-7.89197,0.873152,2.50619,-8.09204,1.02555,-0.678736,-6.40597,0.575028,0.697789,-7.45289,0.678267,-2.12015,-7.57873,1.153,3.01222,-7.38701,0.286114,-2.0172,-7.47109,0.394764,-2.1947,-7.64391,0.466873,2.80131,-7.45597,0.703298,-3.13154,-7.31249,90,1,0.122243,0,0
1.5624,-1.44995,-1.83781,1.4282,-1.69895,-1.38631,0.703066,-1.90074,-1.82153,1.5624,1.69165,-1.48577,1.89328,1.93679,-1.34133,1.19714,2.12724,-1.90534,0.93091,-1.87306,-0.563695,1.24372,2.10945,-1.45653,0.228941,1.35363,-2.61941,0.0513813,-1.4594,-4.00616,0.229912,1.30449,-2.13096,0.0113148,2.98577,-4.67804,0.1405,-1.72001,-2.17396,0.0918129,1.27689,-2.86269,66,3,0.683685,1,1.24372
1.50763,-0.733803,2.15051,1.62913,-0.465011,1.9199,0.854549,0.163661,2.76703,1.50763,2.40779,2.20425,1.35712,2.10512,2.4717,0.312119,2.34241,3.58782,0.441413,-1.04934,2.93517,0.706533,1.37888,1.38725,0.812956,0.697205,1.88979,0.587314,-2.21433,2.69132,0.564264,0.651184,1.6661,0.250637,0.800962,2.26098,0.403652,-2.39592,2.5734,0.203783,-1.84851,2.80704,94,1,0.15815,4,1.34038
0.571759,-0.0804922,-3.59291,0.413576,-0.981953,-3.82491,0.567192,-1.60892,-4.20552,0.571759,3.0611,-5.53102,0.834085,-2.39114,-5.1664,0.437209,-2.54631,-5.54339,0.643727,-0.636374,-2.30966,0.781151,3.13325,-4.39651,0.569934,-2.81245,-4.01589,0.488881,-0.54079,-4.59378,0.423093,-2.74672,-3.78541,0.150346,-2.99834,-4.45809,0.155247,-0.648559,-5.14566,0.334951,-0.490916,-4.17026,99,1,0.0788112,2,1.8725
2.27651,-2.7051,-1.76379,1.10194,2.94797,-2.46499,0.856183,2.29337,-2.72441,2.27651,0.43649,-1.67349,2.78817,0.729075,-1.36387,1.90408,0.680505,-1.64063,0.487867,-0.16388,-1.85509,1.48331,0.419404,-1.5105,1.27215,2.53824,-2.07343,0.607041,1.36306,-1.65554,0.745197,2.59811,-1.85727,0.530166,2.45404,-2.31187,0.2869,1.03502,-1.83829,0.347942,1.63195,-1.38626,117,2,0.678507,2,1.77021
1.45678,2.91986,3.04455,1.06739,3.05629,3.11177,0.614185,-3.04163,3.95178,1.45678,-0.221735,4.53591,1.79644,-0.691636,4.39761,1.32352,-0.872679,4.54203,0.529773,-1.35725,3.44538,0.554538,-1.86421,3.16872,0.855361,2.57871,2.89036,1.12057,-0.445682,4.59649,0.57781,2.56206,2.65497,0.277798,2.61334,3.2523,0.492099,-0.472162,4.51348,0.628783,-0.424959,4.65651,112,1,0.13755,2,1.12088
2.18417,1.71989,1.22351,3.54792,1.74611,0.351683,3.11414,1.63247,0.41338,2.18417,-1.4217,0.120236,0.937914,-0.293642,1.50201,0.484483,0.237225,2.10116,1.0111,1.1563,0.85008,0.817411,0.855964,1.15315,2.26347,1.83869,0.157275,0.507619,-1.69898,1.22025,0.909101,1.7461,0.205973,1.36086,1.9005,0.123782,0.334608,-1.58147,0.804588,0.179654,-1.91912,1.72044,171,5,4.05581,1,0.131831
0.958986,1.02522,-5.58389,0.876525,0.92284,-5.62199,0.58799,0.269216,-6.62177,0.958986,-2.11637,-6.93271,0.975475,-1.99701,-6.93034,0.503187,-2.33095,-7.35587,0.811259,0.673451,-4.93605,0.498538,0.819231,-5.51626,0.356006,-1.76107,-6.82826,1.00172,-2.32668,-6.49609,0.0947353,-1.16015,-7.24545,0.282982,-1.9515,-6.54054,0.378906,-2.40674,-6.49605,0.62476,-2.27815,-6.49298,65,0,0,0,0
1.74337,-0.38872,3.81399,1.92466,-0.590542,3.70093,1.59519,-0.944733,3.80609,1.74337,2.75287,2.57245,1.79296,2.2248,2.43003,1.69847,1.8248,2.74676,0.932131,-0.411259,2.84878,0.335234,0.885336,3.63979,0.923515,-1.48373,4.09922,1.52481,2.00322,2.20166,0.299882,-1.2745,4.3382,0.633243,-1.58225,3.94492,0.778894,1.96642,2.33046,0.746995,2.0416,2.04589,128,3,1.07044,2,0.979222
0.759679,1.40674,2.32607,1.63411,-0.00308242,1.43534,1.04886,-0.439718,1.33247,0.759679,-1.73485,0.139929,1.62199,-1.30957,0.148707,1.36326,-0.751327,0.801919,0.747705,-0.493275,-0.00468724,1.34967,-0.607808,0.539276,0.30487,-0.308048,2.5045,0.194982,-2.18078,1.57461,0.159976,-0.473913,2.69534,0.149442,-0.130371,2.21108,0.166126,-2.93029,1.21037,0.134882,-1.18516,1.17136,71,1,0.114093,2,1.48455
0.551982,1.94681,-6.6897,0.60077,1.05793,-6.55023,0.387854,-0.632668,-6.73364,0.551982,-1.19478,-4.81096,1.207,-1.53252,-4.39824,0.473564,-1.73761,-5.72425,0.576019,2.69997,-5.33556,0.510833,1.89174,-3.79709,0.959647,-0.518445,-5.37055,0.95531,-1.48431,-4.85184,0.35322,-0.473968,-5.62752,0.606979,-0.544322,-5.18251,0.562771,-1.28296,-4.75083,0.419297,-1.75608,-4.91495,111,0,0,1,0.368128
1.26292,-2.23267,4.66981,0.77355,-2.43957,5.21552,0.321133,-2.78026,5.90592,1.26292,0.908918,3.34771,0.82875,-1.00888,3.31074,1.13349,-1.46534,3.71702,0.734374,-2.53003,4.54868,1.06485,-0.929205,2.88283,0.430649,0.797286,4.72462,0.586017,-2.65488,3.8542,0.268356,0.82342,4.26721,0.162536,0.754128,5.19751,0.339014,-3.00588,3.66833,0.291953,-2.24417,3.89645,30,0,0,0,0
0.976331,-0.712053,7.89737,0.527335,-0.940191,8.56406,0.290793,2.4377,8.90414,0.976331,2.42954,6.77633,1.34008,2.57286,6.67908,0.483749,2.75595,8.05835,0.664685,0.612211,6.8028,0.54358,0.3453,6.25531,0.789786,-2.8937,7.57714,0.959717,-3.13948,7.16849,0.497096,-2.9337,7.56777,0.29376,-2.82599,7.5892,0.634816,3.09316,6.95957,0.327288,-3.04133,7.4748,101,0,0,2,0.613987
1.31661,1.12812,3.66216,1.99438,1.82135,3.80719,1.75067,2.39515,3.92953,1.31661,-2.01347,3.88461,1.87696,-2.94093,3.78401,1.1117,2.80303,4.31594,0.798101,1.35569,3.51885,1.21406,2.65994,3.59578,1.51193,2.86763,3.71654,0.195099,-1.43019,5.29839,0.55241,2.79117,3.76912,0.962059,2.9115,3.68233,0.136274,-2.53456,4.97625,0.180893,-0.692104,4.66861,112,3,2.72853,3,1.82641
1.742,-0.301698,2.64245,1.08491,0.0167226,2.75403,0.365203,0.117002,3.90701,1.742,2.8399,2.82813,2.60042,2.63852,2.7483,1.8651,2.48094,3.00308,0.0526547,2.4012,-0.0553949,1.34609,2.84619,2.40556,0.401639,0.017709,3.81232,0.774988,1.81168,3.37778,0.233896,-0.393094,3.49452,0.209212,0.480517,3.91344,0.441909,1.50844,3.2691,0.377086,2.1692,3.38204,187,4,0.93719,5,1.03057
0.192079,-0.907518,6.7291,0.496999,-1.20365,5.8622,0.308021,-1.2967,6.97733,0.192079,2.23407,8.79444,0.18192,0.87098,8.84241,0.0957092,-0.185646,9.3251,0.0793514,-0.131513,3.63762,0.436682,-2.70768,7.34941,0.286156,-1.55435,7.04179,0.517594,0.326328,6.63573,0.168896,-1.53818,7.12497,0.117314,-1.57762,6.90789,0.330806,-0.0287508,6.40852,0.237175,0.832594,6.70436,83,3,0.492205,0,0
1.2564,-2.97201,1.55499,1.57039,2.35195,1.50979,0.870011,1.68608,1.78738,1.2564,0.169584,0.892799,0.962421,0.404607,0.402139,0.64924,1.57417,1.36309,0.423511,0.112671,0.0545764,0.14259,2.33718,-1.72088,0.968611,2.1386,1.67791,0.555,1.39567,1.76371,0.626501,2.27601,1.58729,0.358439,1.89685,1.78208,0.324691,1.20686,1.83367,0.243818,1.64829,1.60375,110,7,1.83426,5,1.05602
1.06314,-0.48458,5.79993,0.993668,-0.744455,5.88381,0.468612,-2.35971,6.94768,1.06314,2.65701,6.70109,1.33191,2.83347,6.48439,0.214664,2.85421,8.1472,0.455372,-0.602399,4.62427,0.715953,-2.31445,6.22153,0.711407,-3.03997,6.43021,0.650568,1.12787,6.3725,0.299058,-2.7163,6.416,0.438324,3.02447,6.37931,0.19259,1.03541,6.81475,0.459145,1.1666,6.10352,174,2,0.31351,0,0
1.47723,-3.10029,3.72574,2.20008,2.09436,3.06716,2.2186,1.95927,3.42889,1.47723,0.0412992,4.44403,1.59131,0.384282,4.34762,1.1695,0.46278,4.37115,1.83353,2.09987,3.12217,1.00556,-0.137769,3.45653,0.47809,1.39185,4.02754,0.662133,1.49452,4.51806,0.307448,1.78288,3.7594,0.226514,0.848131,4.09778,0.477466,1.53842,4.28206,0.186309,1.38182,4.9433,108,3,2.67713,1,0.226514
1.83455,-0.0542127,3.19914,1.53187,-0.610761,3.04154,1.25278,-1.20069,3.38529,1.83455,3.08738,4.5474,1.92772,-2.5554,4.56958,1.11816,-2.37336,5.0872,0.983767,-1.15483,2.24311,0.762883,-1.44267,3.95112,0.273782,-1.36614,4.61993,0.901818,-3.11903,5.05507,0.189687,-1.45874,4.06303,0.0867006,-1.16243,5.26406,0.296083,-2.93745,5.27733,0.612939,3.07681,4.91353,119,3,1.63606,5,1.32798
0.506185,-3.07976,4.58321,0.734552,2.60905,4.24481,0.616443,3.13101,4.17573,0.506185,0.0618339,2.76486,0.937938,1.78682,2.32847,1.30087,1.73875,2.76813,0.832802,2.60096,3.36321,0.329656,-2.38775,1.39101,0.433242,-1.34352,3.61532,1.50837,1.55563,2.56007,0.342205,-1.54145,3.27925,0.118648,-0.740449,4.07984,0.866284,1.42397,2.5838,0.659464,1.72895,2.50079,114,0,0,5,1.89797
0.434016,-3.10779,-8.39446,0.818609,1.58353,-8.05195,1.19957,1.40098,-7.49501,0.434016,0.0337981,-6.67036,0.770332,0.788878,-6.46263,0.376964,0.506359,-7.78451,1.12521,0.914118,-6.78569,0.538473,-1.08344,-6.87064,0.564981,2.60025,-7.62901,0.663151,1.45366,-6.36924,0.351646,2.89692,-7.34322,0.250737,2.17782,-7.81087,0.26426,1.03637,-6.47077,0.434959,1.70245,-6.20925,57,0,0,0,0
1.52364,0.328205,2.27094,0.996194,0.839398,2.30861,0.914838,2.43341,2.97387,1.52364,-2.81339,2.66139,1.74272,-3.13314,2.7023,0.410515,3.10771,3.75345,0.879501,2.6897,1.60769,0.741417,2.22141,2.55607,0.231967,1.14243,4.07451,0.577353,-1.50358,2.6352,0.151957,1.14725,4.02808,0.0800154,1.13327,4.15709,0.430911,-1.4151,2.39646,0.152944,-1.7552,3.07871,118,1,0.741417,2,0.418972
3.35663,2.39202,-2.8879,3.55466,2.83066,-3.01261,2.43468,2.78131,-3.15057,3.35663,-0.749571,-3.18948,3.63148,-1.1786,-2.89592,3.02918,-1.23878,-3.00771,1.90683,2.60292,-2.96558,0.587715,-0.480412,-3.54622,0.652674,-2.95685,-3.41538,2.63372,-1.39286,-2.74437,0.234528,-2.68371,-3.52489,0.431504,-3.104,-3.31691,1.05388,-1.33779,-2.83566,1.5825,-1.42952,-2.67687,169,1,1.90683,2,2.63638
0.973346,2.0196,4.61784,1.13857,1.24726,4.6456,1.17063,1.23857,5.34549,0.973346,-1.122,7.56328,1.05084,-0.616901,7.58679,1.12596,-0.577165,7.3572,0.750366,0.0713544,4.85722,1.01232,-1.19557,6.49118,1.11513,1.90583,4.89429,0.659619,0.519564,7.41685,0.488721,1.87993,5.11149,0.626697,1.92603,4.68401,0.252948,0.09753,7.5778,0.441204,0.756616,7.22037,118,5,1.11973,0,0
1.50816,1.51352,-4.83473,1.24896,1.68859,-4.82533,1.01211,1.4686,-5.4557,1.50816,-1.62808,-6.07902,1.48741,-1.79542,-6.1497,1.12887,-1.98987,-6.23687,0.720866,2.53112,-4.254,0.866878,-1.46237,-5.02872,0.913159,0.707632,-5.31764,0.578521,-2.84444,-6.64478,0.347831,0.96346,-5.46486,0.583328,0.556165,-5.18361,0.280279,-2.95586,-6.86481,0.301595,-2.74091,-6.37056,105,2,0.454299,0,0
1.28383,-1.63136,5.6082,0.740942,-1.75359,6.02346,0.297703,1.71765,7.52417,1.28383,1.51024,6.27458,2.1105,1.42915,5.91225,1.0286,1.34497,6.19924,0.759634,2.76322,5.69412,0.790388,1.94229,6.04494,0.662488,0.0209579,6.19783,0.581625,0.475009,5.69486,0.380175,-0.292605,6.16011,0.322896,0.392623,6.11216,0.229402,0.72274,5.96117,0.363603,0.319682,5.44148,93,0,0,3,1.51265
1.43694,2.44461,-5.89298,1.14627,2.16065,-6.2453,0.815471,1.68087,-6.95672,1.43694,-0.696982,-6.90106,2.37823,-0.350387,-6.58834,1.71927,-0.35556,-6.73251,0.528831,1.13959,-7.02302,0.58827,0.916192,-6.7657,0.453275,2.32578,-6.36323,1.645,-0.704328,-6.34016,0.234332,2.10701,-6.06157,0.230217,2.54853,-6.55887,0.699522,-0.738139,-6.25362,0.946173,-0.679333,-6.39896,113,4,2.05347,6,2.42548
1.44216,-1.53169,-2.49802,1.56471,-0.305581,-2.35692,1.0932,-0.143363,-2.90117,1.44216,1.6099,-3.7396,2.44624,1.48527,-3.1587,1.99684,1.30255,-3.16742,0.684762,1.1048,-1.88162,1.34615,1.47045,-2.44953,1.09054,-0.781266,-2.65527,0.706403,0.97844,-3.80933,0.658516,-0.961286,-2.52862,0.458102,-0.520954,-2.76396,0.315135,0.803753,-4.04368,0.399833,1.11585,-3.54862,183,2,1.00316,5,1.57518
2.41707,-1.91316,1.17772,1.75762,-1.54075,0.936155,1.32625,-1.5709,1.5934,2.41707,1.22843,1.51705,1.31284,1.36751,1.80204,0.912428,1.21483,1.78394,1.11332,-2.03713,1.34717,0.232791,0.338092,-0.694117,0.600441,-0.585483,1.39083,0.784207,1.44503,1.98978,0.222091,-1.00546,1.6262,0.407831,-0.361574,1.16322,0.421607,1.5011,2.12188,0.36403,1.38008,1.80781,101,2,1.33541,3,0.84715
1.56457,-1.20923,5.45166,1.42425,-1.48351,5.68563,0.793177,-1.6047,6.26885,1.56457,1.93236,5.72875,1.85781,2.1204,5.47345,1.2607,2.2783,5.86319,0.703741,-0.831153,5.92686,1.0222,2.96825,5.24614,0.570682,-2.64307,5.60313,0.80398,1.33541,5.73775,0.348679,-2.47268,5.599,0.234623,-2.8978,5.55429,0.441143,1.09588,5.8061,0.389746,1.60727,5.57627,113,1,0.110952,1,0.511151
1.29513,-0.716154,-7.19382,2.45742,-0.205996,-6.73852,1.93299,0.0549589,-6.87498,1.29513,2.42544,-6.41849,1.24984,1.76592,-6.93178,0.659829,1.20979,-7.71853,1.38231,-0.374674,-6.59222,0.11802,0.665549,-9.0569,0.888209,0.760245,-6.87828,0.562192,1.3187,-6.73305,0.634735,0.847569,-6.67467,0.261811,0.547196,-7.22525,0.376326,1.48208,-6.38033,0.200452,1.00837,-7.12864,98,5,2.2955,2,0.25404
1.35197,-0.157391,5.47073,1.61623,-0.226839,5.24279,0.913276,-0.110254,5.59863,1.35197,2.9842,3.90045,1.60377,3.13688,3.94866,1.20337,-3.04046,4.45742,1.0966,-0.23214,4.59601,0.473922,-0.991782,3.61977,0.220153,2.38079,6.44056,1.48231,2.95487,4.06239,0.090195,1.17607,6.51589,0.205881,2.80222,5.92465,0.563973,2.89866,4.22425,0.919778,2.98932,3.94667,84,1,0.207661,0,0
2.32341,-0.929467,-1.5088,1.10538,-1.02989,-1.18808,0.832813,-1.25239,-0.843708,2.32341,2.21213,-0.24279,1.67064,2.01841,0.200229,1.41169,1.86889,-0.359829,0.537441,3.04589,-0.694153,0.596795,0.761426,0.44214,1.15871,-0.813848,-0.326662,1.26332,2.3052,-0.59147,0.619158,-0.625423,-0.22377,0.562599,-1.02148,-0.423696,0.581788,2.42266,-0.432978,0.688921,2.20607,-0.71049,90,4,1.81312,3,1.34336
1.39708,-0.909999,-6.14748,1.25296,-1.32914,-6.26004,0.735876,-1.45538,-6.62793,1.39708,2.23159,-5.18251,1.63991,2.54813,-5.1115,1.02982,2.7167,-5.82575,0.77266,-2.63038,-5.62382,1.14019,2.86352,-5.23944,0.836718,-0.435483,-6.01389,0.193513,0.614259,-6.54044,0.472955,-0.301955,-6.06515,0.373321,-0.604955,-5.91711,0.207293,0.592736,-5.70496,0.0144389,-2.84144,-8.51122,82,2,0.62219,1,1.14019
2.65373,1.24307,-0.887247,3.15118,1.48916,-0.885927,2.26033,1.54107,-0.979608,2.65373,-1.89852,-0.722999,1.86867,-2.30619,0.075401,0.931874,-2.45809,0.0449187,0.91928,2.22873,-1.20681,0.733423,-2.48898,0.784055,1.65617,1.18102,-0.666198,0.200086,-2.34466,-1.80839,0.991764,1.1084,-0.573103,0.670886,1.28848,-0.789879,0.150036,-2.88651,-1.74144,0.105383,-1.5201,-1.30037,90,4,2.00754,3,0.501053
1.22092,-2.8446,-5.03695,1.23517,-2.63731,-5.07118,0.818783,3.00066,-5.87989,1.22092,0.296993,-6.17232,1.39303,0.196198,-6.0314,1.18071,-0.382105,-6.01557,0.466422,0.933524,-4.35627,0.948287,-1.18358,-5.34662,1.11879,-2.90718,-5.4352,0.857643,0.535759,-5.80525,0.701224,-2.82432,-5.43621,0.42396,-3.0445,-5.4183,0.527816,0.764305,-5.64355,0.363769,0.200797,-5.92155,85,1,0.0597694,1,0.363769
0.909109,-1.19613,-2.93838,0.948531,-0.00787664,-2.97201,0.812975,0.538503,-3.04822,0.909109,1.94546,-0.0603603,1.17315,1.19966,-0.177768,0.839054,0.873323,-0.727515,0.612142,-1.16944,-2.32296,0.945563,1.53404,-0.41173,1.08246,1.13313,-2.32012,0.587601,-0.539424,-0.437422,0.678765,1.11208,-2.13541,0.404101,1.16849,-2.56967,0.287854,-0.864985,-0.166994,0.328052,-0.254954,-0.620853,71,2,0.647945,1,0.455434
2.21377,2.47817,-3.69192,2.8067,2.6544,-3.65347,2.12783,2.74486,-3.91492,2.21377,-0.663423,-3.28024,1.65875,-0.805619,-3.27023,1.06837,-0.708068,-3.66688,0.157946,0.0431075,-2.66643,0.721226,0.565371,-3.04919,2.27174,2.77446,-3.82812,1.10003,-1.3856,-3.1871,1.34249,2.76123,-3.74728,0.929536,2.79358,-3.93415,0.718363,-1.36808,-3.01265,0.381982,-1.41856,-3.44981,123,3,3.00029,2,1.36113
1.58085,-1.09736,3.78155,1.40498,-0.66888,3.97145,0.541303,0.157827,4.85133,1.58085,2.04423,3.35223,1.6673,1.81289,3.17104,0.710606,1.30665,4.06192,0.583444,0.457155,4.43409,0.629791,-0.430871,3.00574,0.172806,-1.50684,4.75495,1.02476,1.95774,3.32927,0.202704,-1.72612,3.89157,0.0507092,0.5805,5.29869,0.336022,1.95892,3.47916,0.688741,1.95716,3.24711,95,5,1.51385,3,0.394369
1.41678,0.0220153,2.44913,1.60896,0.263922,2.31941,1.22563,0.177402,2.47021,1.41678,-3.11958,1.53797,1.86411,-2.34323,1.21052,1.47144,-2.19306,1.63868,0.666376,-1.03498,1.4612,0.0979172,2.69993,3.65419,1.17185,0.738975,2.30847,1.45704,-2.1269,1.01865,0.771135,0.781384,2.23868,0.402734,0.657708,2.42569,0.557122,-2.2314,1.01117,0.904825,-2.06263,1.01907,54,2,1.17387,2,1.46195
1.83106,1.1775,-2.99019,2.24299,1.91288,-2.25447,2.4149,1.93204,-2.64021,1.83106,-1.96409,-3.31668,0.934724,-2.65246,-4.09241,0.930934,-2.46182,-3.84306,2.01393,1.94151,-2.41373,0.296212,1.01137,-4.17324,0.401513,1.88455,-3.34287,1.21484,-2.38236,-2.99416,0.119733,2.04624,-3.58757,0.283997,1.81663,-3.20979,0.706891,-2.52895,-2.89039,0.525772,-2.18469,-3.08842,93,4,2.87705,2,0.386334
1.08635,-0.856844,3.19974,1.12427,-0.423135,3.22763,0.671925,0.512344,4.39079,1.08635,2.28475,4.21356,1.51476,1.74133,3.92003,0.677279,1.59628,4.20188,0.450769,-2.93475,3.86635,0.650543,0.145307,2.73329,1.11013,0.38991,3.38392,0.881236,2.41889,3.69022,0.388954,0.266337,3.51331,0.725728,0.456018,3.30024,0.308736,2.21711,3.9549,0.582062,2.52539,3.49532,73,2,0.389459,2,0.612736
0.591615,0.220606,-6.36745,0.589706,1.25722,-6.3437,0.180116,1.88948,-7.36574,0.591615,-2.92099,-4.79146,0.86126,-2.25778,-4.55713,0.413476,-2.41075,-5.77212,0.70964,0.933051,-5.30501,0.403686,-1.74824,-5.44865,0.623435,-2.44687,-5.4274,0.265928,2.66771,-4.98767,0.172552,-2.45792,-5.80327,0.450898,-2.44264,-5.23548,0.185172,-2.93089,-4.75758,0.169447,1.90479,-4.63279,77,0,0,2,0.62345
1.76704,2.72199,3.72105,1.53135,2.23199,3.7424,1.3531,1.98451,3.78581,1.76704,-0.419601,2.53201,2.68944,-0.150294,2.59985,1.9482,-0.196462,2.92555,0.286067,-1.99546,2.3338,0.414135,-1.87471,3.08814,1.55897,1.84764,3.59413,2.03471,0.00730614,2.59671,0.998118,1.90636,3.5524,0.56561,1.74389,3.65591,0.799063,0.105999,2.61614,1.24204,-0.0561275,2.57884,118,2,1.56373,5,3.13176
1.65528,-0.116397,6.72668,1.88168,-0.101473,6.56352,1.04315,0.140758,7.02973,1.65528,3.0252,6.49396,1.48301,3.00895,6.65492,0.758895,-2.85129,7.31502,0.574234,-0.656801,5.43068,0.89848,-2.98173,5.88495,0.762326,0.710099,7.22542,0.176266,-0.434558,8.44178,0.382118,0.831074,7.39259,0.385768,0.590274,7.00896,0.191691,0.0112139,7.85643,0.0827147,-1.96536,8.26788,60,4,1.39391,0,0
1.78186,1.46772,1.40214,1.69124,1.88526,1.56358,0.883472,2.0519,1.98971,1.78186,-1.67387,0.125152,1.74216,-2.05158,0.0437746,1.18076,-2.28843,0.405798,0.799837,1.33166,1.67225,1.09005,-2.47263,0.584549,0.598312,3.13138,1.38176,0.227542,-1.21792,-0.731504,0.184278,2.93926,1.89022,0.418905,-3.06771,1.04211,0.0903066,-2.50912,-0.771427,0.22043,-0.813183,-0.45959,82,1,0.54718,1,1.09005
0.644335,0.150478,-5.27307,1.79878,2.75833,-4.26461,1.3661,2.57006,-4.23585,0.644335,-2.99111,-3.73482,0.78191,2.36717,-3.41367,1.08038,2.82308,-3.93297,0.560014,-2.15297,-3.96964,0.978438,2.12123,-3.10319,1.47091,2.1795,-3.78524,0.714198,-2.37468,-3.84551,0.533669,2.139,-3.8071,0.937928,2.20254,-3.77184,0.461561,-2.17102,-3.74316,0.278302,-2.71676,-3.91244,59,2,1.4716,2,1.4716
0.789335,-0.55648,3.36376,0.432944,0.439574,4.09524,0.61283,1.7838,4.29435,0.789335,2.58511,5.45146,2.11619,2.41488,4.7673,1.45146,2.38979,5.06529,0.368673,-1.27968,4.09503,0.809921,2.18846,5.29439,0.980801,1.81314,3.14683,0.677542,2.63116,4.61759,0.421508,1.55974,3.2578,0.582419,1.99558,3.01392,0.461839,2.61048,4.51522,0.216013,2.67539,4.80542,132,1,0.679726,4,1.71958
2.07148,3.13679,-2.0167,2.1936,2.21193,-1.69847,1.91882,2.14295,-1.62238,2.07148,-0.00480434,-0.514302,3.73492,0.525448,-0.479165,2.438,0.645638,-0.818947,1.31519,1.71393,-1.52434,0.189074,1.23559,1.04827,0.906512,2.79084,-1.43401,2.28331,0.599555,-0.936215,0.556031,2.60197,-1.32668,0.375186,3.07281,-1.52332,1.10605,0.575151,-1.04479,1.1779,0.622469,-0.825319,110,2,1.87122,5,3.82176
1.39375,0.312604,4.834,1.5762,0.211931,4.74936,0.504323,-0.153819,5.58787,1.39375,-2.82899,4.50082,1.24749,-2.81373,4.59057,0.126848,2.79478,7.14636,0.643329,-0.203085,3.45382,0.688727,1.24777,4.17663,0.14181,2.76247,6.69308,0.697338,-2.07669,5.11561,0.189192,2.40357,5.83616,0.0752579,-1.4613,6.49129,0.216189,-2.04545,5.32895,0.481302,-2.09072,5.00229,25,0,0,0,0
1.06886,-0.590151,-7.90703,1.43349,-0.108162,-7.53628,1.0304,0.143048,-7.79931,1.06886,2.55144,-6.30221,1.47214,1.69457,-6.11526,1.18058,1.38034,-6.56852,0.451695,-0.318109,-8.23849,0.218152,-0.843638,-4.68465,0.657373,0.453783,-7.10903,1.32453,1.51151,-6.42498,0.375959,0.426517,-6.79983,0.28174,0.490171,-7.41192,0.854388,1.57781,-6.36656,0.475401,1.39218,-6.51201,95,3,1.00554,2,1.32979
1.59082,0.734913,-5.67511,1.43567,0.578709,-5.90796,0.619801,-0.2879,-6.73938,1.59082,-2.40668,-6.43978,2.14383,-2.32388,-6.09807,0.99119,-2.67235,-6.70656,0.696808,-0.552405,-6.25556,0.838106,-3.04555,-5.33503,0.189658,1.56487,-6.74261,0.371214,-1.70538,-7.44722,0.159366,2.334,-6.07656,0.133915,0.589896,-6.52556,0.166701,-1.0013,-7.54475,0.266938,-2.12155,-7.09364,96,3,0.929471,1,0.266938
0.738799,2.71936,8.66373,0.61212,-2.38691,8.86771,0.421066,-1.62246,9.15449,0.738799,-0.422234,6.44216,0.680773,-0.554375,6.47515,0.389201,-0.805558,7.55236,0.155598,-2.42376,9.80856,0.725017,-1.35984,6.4351,0.332171,-1.27932,8.15119,0.444148,1.30239,6.48004,0.246792,-1.56039,7.62047,0.117146,-0.655211,8.61894,0.34067,1.27193,6.08412,0.104154,1.40218,7.20416,64,0,0,0,0
1.2231,-0.244918,0.0912638,1.3202,-0.70811,0.0705505,1.50221,-0.967759,-0.79868,1.2231,2.89667,-2.7017,0.923518,-2.1919,-3.04601,0.319393,-1.72483,-3.67073,0.538526,-2.59788,-0.592468,0.614337,3.00351,-2.39846,1.6256,-0.630718,-0.578325,0.687869,-0.620887,-2.15115,0.939948,-0.56541,-0.645956,0.690383,-0.719687,-0.478545,0.438834,-0.716336,-1.80759,0.254492,-0.455802,-2.54681,103,3,1.91356,1,0.0837456
1.56309,2.14723,0.659497,1.22527,1.37711,0.655494,0.987445,0.997069,1.30195,1.56309,-0.994365,2.16442,2.15581,-0.571067,2.04782,1.75441,-0.497838,2.01298,0.490326,2.80922,1.31016,1.35213,-0.9116,1.73226,1.20288,0.590117,0.650096,0.749789,0.313264,2.00966,0.436931,0.632042,0.864072,0.76655,0.566225,0.514405,0.300194,0.0674946,2.26627,0.464395,0.471194,1.76373,103,2,0.901327,2,1.65232
1.68274,2.07718,-3.96994,2.42255,1.61633,-3.392,1.68094,1.60655,-3.63866,1.68274,-1.06442,-2.45889,1.56715,-1.04082,-2.31557,0.917243,-0.791552,-2.95161,0.137294,0.711622,-5.35103,0.459343,-2.47274,-2.93021,1.59864,1.6736,-3.08702,1.07012,-0.350787,-2.1352,0.797468,1.5871,-2.92961,0.807103,1.75906,-3.21513,0.713688,-0.293733,-2.0155,0.359904,-0.464105,-2.33015,67,1,0.807103,2,0.596453
3.1895,-0.0159737,3.4909,2.68107,0.510564,3.06081,2.42605,0.563989,3.2991,3.1895,3.12562,4.02067,0.421036,-2.56452,5.6718,0.187262,-2.04417,6.38054,1.88925,0.698611,3.17102,0.771488,-2.13411,3.81799,0.609174,0.134676,3.52584,0.585225,0.978737,4.85908,0.423249,0.347684,3.36786,0.214994,-0.29456,3.668,0.308103,1.17186,4.91801,0.288963,0.772649,4.74738,208,3,2.37746,4,1.70317
1.49234,-3.12396,6.09697,1.21196,3.02294,6.21141,0.287169,1.69948,7.88543,1.49234,0.0176311,6.07954,1.81926,0.0893491,5.99206,0.592864,0.218813,6.74934,0.52593,-1.56038,5.39921,0.890339,0.759344,5.68236,0.811801,1.62296,6.68088,0.488873,-1.70833,6.21516,0.246097,1.64848,6.91737,0.565818,1.61186,6.5573,0.36102,-1.88501,5.8092,0.147789,-1.26454,6.73405,95,0,0,2,0.44517
1.24715,1.69982,-4.27404,1.63102,1.80194,-4.00878,0.784223,2.06917,-4.80041,1.24715,-1.44177,-4.75701,1.53722,-1.65269,-5.07881,0.684219,-1.68953,-5.74389,0.803571,2.4855,-4.38297,0.800131,-1.67645,-5.20191,0.328682,0.648909,-4.54636,0.116315,1.54217,-6.37608,0.238241,0.320575,-4.07338,0.12863,1.28898,-4.88371,0.0744613,-1.85437,-6.23869,0.189304,1.44281,-5.07264,111,4,1.48087,5,1.1612
1.02922,-0.203026,-4.6152,0.742686,-0.0653289,-4.75863,0.299324,0.424183,-6.16549,1.02922,2.93857,-5.79544,1.04864,2.93936,-5.83044,0.560321,3.07203,-6.28689,0.502596,-1.26816,-3.49142,0.451947,0.773834,-5.79647,0.615368,1.36956,-5.32186,0.924654,-2.83745,-5.10495,0.383046,1.13484,-5.28625,0.258649,1.72117,-5.27058,0.623133,-2.79724,-4.9233,0.303061,-2.92018,-5.39496,97,2,0.763712,1,0.445013
0.727136,-0.174265,-1.6339,1.51538,-1.67789,-1.35863,1.5053,-1.53046,-1.79427,0.727136,2.96733,-3.99546,0.424354,-2.9124,-4.45722,0.741598,-3.03695,-3.75048,0.504783,-1.46737,-0.236642,0.686032,-1.57149,-2.8334,1.00203,-1.56222,-2.15886,0.955833,2.4514,-3.03853,0.511443,-1.68849,-1.96935,0.498835,-1.43274,-2.30873,0.340498,2.2478,-3.26659,0.626164,2.56157,-2.86848,63,2,1.01028,0,0
2.15043,-0.185976,-5.76632,1.75152,-0.089514,-6.27526,1.32827,0.0676674,-6.66874,2.15043,2.95562,-6.11194,2.72043,2.87257,-6.00231,2.25427,2.92853,-6.07948,0.309014,-1.54992,-5.02091,1.10325,-2.7785,-6.1397,1.37775,0.29363,-6.58636,1.45872,2.50383,-5.78123,0.622294,0.308294,-6.46636,0.755574,0.281552,-6.67526,0.907682,2.44782,-5.7466,0.554793,2.59555,-5.829,95,3,1.48272,2,1.46247
0.0879847,-2.48219,9.61135,0.408944,2.41664,8.07514,0.529169,2.532,7.61416,0.0879847,0.659401,7.43472,0.553938,1.22838,5.71285,0.304456,1.02983,6.96418,0.672184,1.33013,6.7641,0.489798,2.80073,4.27612,0.689426,-2.60938,6.56677,0.626001,0.155974,6.1275,0.453922,-2.54467,6.28533,0.238269,-2.73289,6.94227,0.338843,0.0209989,6.22989,0.2938,0.3118,5.96857,57,2,0.143751,1,0.672184
1.57728,1.0932,-5.34487,1.94632,1.00348,-5.15281,1.43883,0.66386,-5.23986,1.57728,-2.04839,-4.69589,1.44712,-1.68449,-4.80292,0.77432,-1.90634,-5.6379,0.697915,-0.413581,-5.16586,0.435308,-0.647297,-5.70048,1.26736,1.17024,-4.76813,0.763079,-2.4803,-4.74007,0.707828,1.11074,-4.58352,0.562358,1.24517,-4.9564,0.49414,-2.35725,-4.39788,0.279339,-2.69918,-5.12902,69,1,0.562358,0,0
0.857181,-1.65595,5.7091,0.880643,-1.5256,5.69854,1.11979,-1.47915,6.19269,0.857181,1.48564,7.46461,0.954039,1.04919,7.36128,1.13985,1.20033,6.9729,0.530498,-2.85638,6.19261,0.463477,1.4633,7.48984,1.14316,-1.00633,5.53014,0.702706,1.02803,6.31139,0.644006,-0.803006,5.52436,0.528663,-1.25487,5.48011,0.40817,0.913277,6.01813,0.300873,1.18401,6.59185,58,1,0.267536,4,1.13286
0.973221,2.21046,-8.34902,0.88821,2.00914,-8.45332,0.275937,-1.10901,-9.27558,0.973221,-0.93113,-7.23179,0.951796,-0.906962,-7.21932,0.336681,0.883412,-8.8283,0.732896,-1.69159,-6.92905,0.506358,0.988049,-8.06779,0.52491,1.15658,-8.33925,0.175086,-1.95132,-8.26814,0.388514,1.01066,-8.08546,0.151455,1.53883,-8.72827,0.198793,-2.39319,-7.45562,0.0851346,-0.326304,-8.28837,116,0,0,3,1.19636
0.742642,-2.99224,6.74609,0.834245,3.03307,6.61529,0.559312,-3.08036,6.93188,0.742642,0.149356,4.79367,0.944444,-0.561128,4.67377,0.649802,-0.620834,5.44752,0.508945,-0.0273206,5.33121,0.974105,-0.755867,4.42744,1.06721,-3.12255,6.08295,0.341609,2.12676,5.31302,0.718298,3.13328,5.94569,0.349737,-3.06633,6.31492,0.243993,2.33808,5.14633,0.115053,1.6658,5.47349,77,3,0.822833,1,0.508945
2.223,2.81406,0.803652,2.80628,3.10397,0.349336,2.14729,3.00221,0.346799,2.223,-0.327535,1.0249,1.94604,-0.717053,0.667192,1.54352,-0.99853,0.837944,0.453818,-2.06944,-0.498267,0.627847,-0.228654,1.35543,2.03263,2.79164,0.471941,1.17688,-1.37897,0.263381,1.02065,2.87892,0.394833,1.01975,2.70429,0.543351,0.497768,-1.33125,0.47175,0.680091,-1.41389,0.102649,99,4,2.0981,2,0.604791
0.986922,-0.361791,0.494974,1.11498,-1.23328,0.502685,0.945936,-1.18325,0.00142259,0.986922,2.7798,-1.86941,1.23042,-3.07827,-1.64674,1.24248,-2.93559,-1.44594,0.857946,-1.98461,-0.318882,0.42586,-1.41175,-0.0743887,0.708241,-0.127784,0.385172,1.29439,3.01273,-1.39811,0.398904,-0.348324,0.147127,0.330719,0.139237,0.625671,0.715023,3.11544,-1.47135,0.587722,2.88767,-1.28834,90,2,1.04005,0,0
1.00726,-0.765457,-7.28942,1.05339,-1.62169,-7.28315,0.611569,-1.7463,-7.74604,1.00726,2.37614,-5.66307,1.33846,2.3696,-5.63133,1.02695,2.65104,-6.17304,0.537178,-0.916646,-7.4709,0.724842,-2.567,-5.84799,0.46796,-2.75626,-6.9138,0.926764,1.89748,-5.56246,0.263138,-2.63618,-7.0109,0.209106,-2.90759,-6.75267,0.361184,2.08842,-5.5987,0.576236,1.77824,-5.51995,139,0,0,2,0.146757
1.19504,0.793308,-4.92251,1.00586,1.40448,-5.08118,0.817862,2.71651,-5.60331,1.19504,-2.34828,-6.20005,2.06728,-2.63523,-5.73013,0.733599,-2.80573,-6.50252,0.419217,-0.666468,-4.14332,0.399133,1.63633,-6.47651,1.22902,2.63488,-5.06935,0.924044,-2.37641,-5.51649,0.804607,2.71026,-4.95646,0.430976,2.49382,-5.2383,0.296887,-2.59977,-5.82487,0.637931,-2.27314,-5.31193,31,2,1.23558,0,0
1.71589,-2.00043,-5.71635,1.26655,-2.52088,-6.0298,0.859699,-2.83532,-6.11112,1.71589,1.14116,-5.21867,2.32619,1.45884,-5.06437,1.82919,1.58823,-5.55073,0.787296,3.04996,-4.59572,0.403143,0.213471,-6.05724,0.333164,-1.67815,-6.83443,1.79476,1.81037,-5.11444,0.181207,-0.973251,-6.78925,0.227743,-2.21981,-6.48114,0.823249,1.67915,-5.19236,0.9845,1.92001,-5.03003,130,0,0,5,3.09785
1.5232,-0.92262,6.37287,2.28381,-1.47247,6.25967,1.64602,-1.73396,6.65408,1.5232,2.21897,7.32417,1.37954,2.59412,7.22348,0.655929,2.90412,7.78745,1.25817,-1.95103,5.86829,0.675509,1.43458,6.88199,0.497622,-1.15813,7.42208,0.892734,-2.52677,6.94063,0.197927,-1.24614,7.35444,0.300965,-1.10029,7.46013,0.375522,-2.33342,7.18148,0.529151,-2.66355,6.69749,60,1,0.197828,1,0.0737872
0.84497,-0.460624,5.10388,2.44771,-0.319207,4.15636,2.18274,-0.125377,4.18259,0.84497,2.68097,3.19311,0.45283,1.62195,3.74101,0.141949,-0.307318,5.42672,1.38952,0.181002,4.21049,0.734808,0.694964,2.91026,0.954818,-0.579775,3.94645,0.669164,-2.2669,3.33826,0.407998,-0.294556,3.99977,0.574882,-0.780815,3.85472,0.226397,-2.43426,3.46274,0.447522,-2.18253,3.25744,66,3,2.05227,1,0.172724
2.70358,0.129983,1.9165,2.49902,0.0489048,1.90869,1.56822,0.257178,2.20244,2.70358,-3.01161,1.04865,3.07773,2.98677,1.09452,2.12406,3.01449,1.28886,1.17475,-0.0459624,2.13132,1.28759,2.46076,1.02585,0.568175,0.922372,2.03091,1.23169,-2.68665,1.25981,0.241291,1.34987,2.09846,0.362668,0.642913,1.87848,0.668068,-2.49165,1.23621,0.590637,-2.9076,1.24725,155,3,1.62612,1,1.28759
1.50297,-1.44273,3.96706,1.44107,-2.29629,3.75011,0.988099,-2.40135,4.39549,1.50297,1.69886,5.38578,0.168576,-1.38269,7.59106,0.597491,-2.0389,6.23889,0.927683,-1.62553,3.48257,0.805797,-2.9932,4.85045,0.726805,2.77598,4.23025,0.670497,-0.665653,5.71352,0.300027,3.13711,4.37199,0.458553,2.54268,4.04526,0.451733,-0.47245,5.54035,0.243164,-1.03038,5.89171,200,3,0.673171,3,0.5974
1.60754,-1.28051,6.23113,1.66331,-1.51055,6.43874,1.30677,-1.82619,6.51798,1.60754,1.86109,5.22912,1.40402,2.30446,5.33681,0.779133,2.47659,6.19439,1.1996,-2.20862,5.78615,0.560331,1.1676,4.51986,0.487825,-0.664008,6.92071,0.833682,-3.10005,5.98198,0.305852,-1.05412,6.695,0.235657,-0.147819,6.95455,0.29527,2.97872,6.29259,0.547848,-2.99042,5.74176,128,2,0.280309,3,0.808911
2.02191,2.4773,4.00559,2.2008,2.71938,3.93882,1.46881,2.62131,4.18549,2.02191,-0.664297,3.3198,1.44778,-0.890576,3.02858,1.09615,-1.15427,3.51399,1.14388,2.90814,4.06036,0.788585,-0.160968,3.13165,0.492815,1.9049,4.11563,0.937875,-1.93595,2.99755,0.322214,1.5702,3.80252,0.216165,2.41656,4.28967,0.351737,-1.6819,3.12138,0.603932,-2.08285,2.88544,89,3,1.42409,3,1.01534
0.734774,-2.37182,-7.06059,1.12783,-2.70828,-6.64609,0.43166,-2.85854,-7.22083,0.734774,0.769769,-5.5062,0.597388,0.545275,-5.68901,0.0369401,-2.3149,-9.21992,0.675895,-1.16822,-5.6687,0.484584,0.999956,-6.17071,0.844241,2.50583,-6.14712,0.52101,-2.15386,-5.60127,0.579423,2.5666,-6.01075,0.268206,2.37426,-6.38044,0.380265,-1.98224,-5.24047,0.160096,-2.57155,-6.07036,77,0,0,0,0
