cLO_pT,cLO_phi,cLO_eta,cLO_rap,c_pT,c_phi,c_eta,c_rap,chad_pT,chad_phi,chad_eta,chad_rap,cbarLO_pT,cbarLO_phi,cbarLO_eta,cbarLO_rap,cbar_pT,cbar_phi,cbar_eta,cbar_rap,cbarhad_pT,cbarhad_phi,cbarhad_eta,cbarhad_rap,d1_pT,d1_phi,d1_eta,d1_rap,d1bar_pT,d1bar_phi,d1bar_eta,d1bar_rap,d2_pT,d2_phi,d2_eta,d2_rap,d2bar_pT,d2bar_phi,d2bar_eta,d2bar_rap,d3_pT,d3_phi,d3_eta,d3_rap,d3bar_pT,d3bar_phi,d3bar_eta,d3bar_rap,d4_pT,d4_phi,d4_eta,d4_rap,d4bar_pT,d4bar_phi,d4bar_eta,d4bar_rap,multiplicity,chad_cone_mult,chad_ptcone,cbarhad_cone_mult,cbarhad_ptcone
3.41897,1.06836,0.478893,0.441059,5.01716,1.4801,0.316978,0.304098,3.67499,1.4814,0.306596,0.261433,3.41897,-2.07323,-0.895109,-0.833647,1.07083,-2.71258,-1.01821,-0.65206,1.78664,-2.09338,-0.677286,-0.435719,0.782626,2.09104,0.401505,0.261166,1.55762,-2.19126,-0.0440318,-0.0377207,3.06628,1.33473,0.264883,0.261539,0.281227,-1.52143,-2.18641,-1.51409,0,0,0,0,0,0,0,0,0,0,0,0,0,0,0,0,230,9,7.27816,2,2.44949
1.54177,0.242117,-4.69953,-4.36658,1.96016,0.494374,-4.69011,-4.45968,0.925114,-0.0771573,-5.85385,-4.87325,1.54177,-2.89948,-6.01343,-5.68041,1.28972,-2.70939,-6.11966,-5.69189,0.690689,2.37773,-6.48049,-5.23979,0.515479,-2.09933,-5.35577,-4.62501,1.0479,1.4774,-5.42389,-5.12954,1.23999,0.306243,-5.14752,-5.07287,0.822011,-2.38283,-5.55691,-5.4008,0,0,0,0,0,0,0,0,0,0,0,0,0,0,0,0,71,3,1.22078,0,0
1.90168,2.66638,0.198438,0.156192,0.580503,-2.75882,-0.549494,-0.206973,0.997433,-1.27693,-1.43618,-0.727233,1.90168,-0.475209,-1.83622,-1.60942,2.88515,-0.855566,-1.35136,-1.24832,1.79104,-0.934239,-1.43704,-1.0314,0.285585,1.02931,-2.36149,-1.21158,1.58689,-0.962608,-0.72819,-0.639265,1.20775,-1.45318,-0.385501,-0.357654,0.209681,-0.717888,-3.08826,-2.15379,0,0,0,0,0,0,0,0,0,0,0,0,0,0,0,0,29,0,0,0,0
1.33375,-2.07429,-7.61316,-7.20441,2.56582,-1.87986,-7.03654,-6.88955,1.94097,-1.83636,-7.04604,-6.61088,1.33375,1.0673,-6.10605,-5.69731,0.200167,0.653592,-7.38004,-5.35716,0.882981,1.21536,-6.18801,-5.16708,0.588002,-2.9469,-7.50765,-6.8747,0.692605,2.0982,-6.24823,-5.72718,1.76047,-1.53246,-6.48847,-6.45003,0.694785,0.336329,-4.63755,-4.43057,0,0,0,0,0,0,0,0,0,0,0,0,0,0,0,0,105,5,2.74623,2,0.758085
2.30318,1.12659,-2.39457,-2.22126,1.11723,-0.247833,-2.15385,-1.66172,1.31981,-0.783306,-2.72466,-2.04396,2.30318,-2.01501,-3.37143,-3.19513,4.89683,-1.89045,-2.83382,-2.7893,3.89012,-1.88696,-2.83884,-2.69164,1.15616,0.0718774,-2.27452,-2.02836,2.67369,-1.75237,-3.01437,-2.9566,1.03748,-1.78248,-2.1647,-2.06415,1.29144,-2.16844,-2.23473,-2.16719,0,0,0,0,0,0,0,0,0,0,0,0,0,0,0,0,221,4,2.64892,7,6.01124
2.91394,-0.157811,-3.67738,-3.56002,3.057,-0.44685,-4.18743,-4.07962,1.61491,-0.433483,-4.8101,-4.26016,2.91394,2.98378,-3.10508,-2.98808,1.27581,-3.04701,-3.08321,-2.65205,0.933785,-2.88369,-3.95545,-2.985,0.266061,0.415572,-4.97144,-3.67305,0.525535,-1.33808,-4.16075,-3.44547,1.45292,-0.571382,-4.70065,-4.6452,1.05992,2.88089,-2.65841,-2.55989,0,0,0,0,0,0,0,0,0,0,0,0,0,0,0,0,67,3,2.29514,1,0.495795
4.48623,-2.06807,0.203316,0.192955,4.54034,-2.40087,0.337407,0.320951,3.99339,-2.36716,0.442573,0.387002,4.48623,1.07352,-0.979961,-0.940522,2.5605,0.850652,-1.89598,-1.75594,1.42055,1.02297,-2.7035,-2.0757,1.24054,-2.50467,-0.0571043,-0.0455535,1.79625,1.16763,-2.20277,-2.08542,2.76978,-2.30573,0.640099,0.631174,0.440973,-1.49102,-2.44739,-2.04609,0,0,0,0,0,0,0,0,0,0,0,0,0,0,0,0,355,11,10.299,16,6.192
1.42097,-0.940541,-4.1455,-3.77141,1.79619,-1.8639,-3.97541,-3.71111,1.07715,-1.83291,-4.93545,-4.08278,1.42097,2.20105,-5.84441,-5.47005,2.23031,2.80324,-5.32791,-5.14133,1.95894,3.05676,-5.19323,-4.76344,1.55745,-1.8146,-4.16502,-4.01029,1.28936,2.40172,-4.7418,-4.52935,0.48088,1.36801,-4.63615,-4.27229,1.22224,-2.52849,-5.12184,-5.04516,0,0,0,0,0,0,0,0,0,0,0,0,0,0,0,0,78,3,0.696363,1,0.133157
2.72546,1.35076,-4.05692,-3.92471,1.69604,1.26138,-4.22212,-3.93337,0.563533,0.312742,-5.22886,-3.79931,2.72546,-1.79083,-3.57491,-3.44285,4.20438,-1.67615,-3.51817,-3.45838,3.1908,-1.78414,-3.7686,-3.56167,1.13882,0.336893,-3.82213,-3.56341,1.64104,-1.4061,-3.38553,-3.24448,0.575614,-2.78106,-4.52499,-4.24603,1.77235,-2.13293,-3.925,-3.88709,0,0,0,0,0,0,0,0,0,0,0,0,0,0,0,0,130,2,0.414983,6,4.55225
1.53186,-2.65519,5.56904,5.23288,0.855559,-3.03143,6.11753,5.41525,0.743598,2.06719,6.07828,4.9048,1.53186,0.4864,4.51307,4.17701,2.17644,0.724882,4.41437,4.22011,1.32928,0.550336,5.21092,4.52306,0.791622,0.536143,5.38151,4.9428,0.89956,1.3609,5.31702,4.94896,1.06434,2.905,4.96393,4.8651,0.963434,-0.192841,4.13678,4.01861,0,0,0,0,0,0,0,0,0,0,0,0,0,0,0,0,95,2,1.45279,1,0.791622
2.24248,0.655256,4.85769,4.67282,2.38143,0.497297,4.94063,4.77357,1.13258,0.760576,5.53757,4.72541,2.24248,-2.48634,4.68928,4.50442,2.11893,-2.796,4.51295,4.3099,1.02866,-2.67704,5.2396,4.34882,0.877353,0.0987197,5.61719,5.23594,1.24265,-3.03038,4.91278,4.68723,0.696247,1.64641,4.19892,3.99272,0.451359,-0.797334,4.01396,3.61663,0,0,0,0,0,0,0,0,0,0,0,0,0,0,0,0,140,1,0.877353,1,1.24265
6.74128,1.27007,-2.59152,-2.56763,4.64322,2.76458,-2.14973,-2.10149,1.77596,-2.75708,-3.31758,-2.83105,6.74128,-1.87152,-5.35567,-5.33151,6.93775,-1.98279,-5.30455,-5.2817,1.57637,-1.15202,-6.21251,-5.6462,1.67153,3.04057,-3.01438,-2.87818,0.798904,-0.0300274,-5.9016,-5.4682,0.834926,-1.55075,-2.88908,-2.73819,1.4249,-1.68157,-5.84933,-5.79179,0,0,0,0,0,0,0,0,0,0,0,0,0,0,0,0,441,8,3.45816,6,2.70574
1.44299,3.06383,-3.48404,-3.11873,1.17052,-3.00273,-3.49505,-3.01075,1.09047,2.83229,-3.55493,-2.71564,1.44299,-0.0777646,-2.78195,-2.41973,2.04845,-0.332679,-2.75055,-2.53807,1.18932,0.464916,-3.50408,-2.73405,1.4281,2.59633,-2.66207,-2.48475,0.743098,0.722744,-3.87165,-3.39568,0.447543,-1.15129,-3.68158,-3.27996,0.507486,0.0822856,-2.04109,-1.71983,0,0,0,0,0,0,0,0,0,0,0,0,0,0,0,0,96,2,0.893814,5,1.79235
1.69245,0.0953888,-0.925802,-0.729659,1.91031,-0.162217,-0.96527,-0.795957,0.875029,-0.0403989,-1.36104,-0.612222,1.69245,-3.0462,0.250316,0.18818,1.28733,-2.81899,0.480764,0.319824,0.712948,-1.86979,0.130489,0.0389442,0.56204,-1.9287,-1.4219,-0.883507,0.56503,0.50916,-0.137221,-0.0709531,1.17841,0.429851,-0.410314,-0.379514,1.18746,-2.20474,0.143573,0.132484,0,0,0,0,0,0,0,0,0,0,0,0,0,0,0,0,103,1,0.305381,3,1.71954
1.49832,0.936925,1.92871,1.6017,1.34759,0.969969,2.0918,1.7069,0.474522,1.12674,2.60789,1.12118,1.49832,-2.20467,0.247863,0.176056,1.16954,-1.89928,0.0484765,0.0298145,0.682719,-1.41635,1.61361,0.644271,0.313428,-0.00930621,3.00025,1.87233,1.17114,-1.14202,0.488709,0.387032,0.445112,1.81949,0.137864,0.0920749,0.546218,2.34499,1.4088,1.15057,0,0,0,0,0,0,0,0,0,0,0,0,0,0,0,0,87,1,0.0394395,1,0.0994346
2.0395,1.32523,5.47416,5.25798,2.15286,1.43903,5.29239,5.09454,0.618115,1.32954,6.46805,5.12473,2.0395,-1.81637,5.15332,4.93715,2.02933,-1.90431,5.31865,5.10071,0.718975,-2.75392,6.33297,5.12892,0.29246,2.89811,7.04185,5.82978,0.934494,-2.90739,4.96836,4.61981,0.683222,0.8872,4.53646,4.32374,0.249484,-0.221995,6.98786,6.18532,0,0,0,0,0,0,0,0,0,0,0,0,0,0,0,0,77,1,0.14486,0,0
2.74827,-1.67784,2.76685,2.63765,2.96073,-0.893988,2.19784,2.08671,2.51335,-0.717513,2.61197,2.31487,2.74827,1.46375,3.16707,3.03723,2.9442,0.217003,2.97198,2.85728,2.8359,-0.00763643,2.86535,2.61705,1.61864,-1.28381,2.41185,2.26967,1.93526,0.252759,3.0398,2.93477,1.43898,-0.0696343,2.42596,2.37041,1.08682,-0.483891,2.15668,2.06428,0,0,0,0,0,0,0,0,0,0,0,0,0,0,0,0,141,5,4.68432,3,3.66413
1.3497,2.31917,-3.87546,-3.47385,2.81422,1.86253,-2.78218,-2.65824,1.26613,2.16256,-3.40885,-2.68762,1.3497,-0.822421,-3.30773,-2.90723,0.481402,-1.81179,-3.98737,-2.80516,0.464376,-2.80377,-3.88979,-2.28549,0.607854,0.938623,-2.86262,-2.26095,0.95729,-1.89506,-2.83917,-2.50578,1.20387,2.65735,-3.13512,-3.05658,0.765161,1.74567,-2.13546,-1.96487,0,0,0,0,0,0,0,0,0,0,0,0,0,0,0,0,87,3,2.49127,1,0.662036
1.4672,1.02932,1.22485,0.94176,1.44945,1.5065,0.888664,0.654361,0.372468,1.44463,1.60233,0.374126,1.4672,-2.11227,-0.157474,-0.110345,2.11267,-1.83153,0.136081,0.111072,1.08549,-2.04781,0.730774,0.335714,1.08736,1.38588,0.40106,0.307005,1.39181,-1.7023,0.139231,0.115563,0.71587,-1.78627,0.580357,0.484558,0.521926,2.22084,1.07006,0.83171,0,0,0,0,0,0,0,0,0,0,0,0,0,0,0,0,43,0,0,2,2.10768
2.40292,1.91676,1.03199,0.908896,2.86503,1.57019,0.584452,0.523522,3.77567,1.7501,0.614322,0.533492,2.40292,-1.22483,0.660788,0.570737,0.736411,-1.45841,1.36141,0.735206,1.09643,-1.4532,1.12188,0.563191,1.8474,2.21451,0.665193,0.600967,1.44658,-1.42431,0.942648,0.818719,2.27942,1.37862,0.483922,0.473558,0.352037,1.80735,-0.197313,-0.114447,0,0,0,0,0,0,0,0,0,0,0,0,0,0,0,0,216,7,5.6021,4,2.36544
1.58719,-0.652031,4.52599,4.20697,1.44016,-0.988143,4.96733,4.60004,0.515526,-2.00543,6.50267,4.98835,1.58719,2.48956,5.7404,5.42129,2.7883,3.00017,5.49071,5.36363,1.6161,-3.03735,5.66437,5.11481,0.67541,0.186292,5.64115,5.1037,0.38185,1.53358,6.16059,5.18497,1.06165,-2.54929,4.97389,4.8746,1.71219,-2.81473,5.11546,5.07492,0,0,0,0,0,0,0,0,0,0,0,0,0,0,0,0,101,2,0.769346,1,1.71219
3.39931,2.5517,3.0992,3.01064,4.14086,2.18055,3.3916,3.3301,1.93389,2.02176,2.87762,2.44472,3.39931,-0.589888,4.4124,4.32347,2.66293,-1.05823,4.46084,4.32309,1.84251,-1.2468,4.87437,4.40839,0.85123,1.02439,2.96396,2.56956,1.4679,-0.628183,4.66348,4.49223,1.63657,2.47394,2.3956,2.35215,1.069,-2.16795,4.38271,4.28468,0,0,0,0,0,0,0,0,0,0,0,0,0,0,0,0,373,7,5.13126,5,3.40296
4.04318,-1.56355,-1.38019,-1.32381,5.86516,-1.72299,-1.17984,-1.15376,5.73645,-1.7184,-1.40803,-1.34316,4.04318,1.57804,-1.72278,-1.66253,2.53009,1.94589,-2.05854,-1.91353,1.82148,2.16474,-1.99292,-1.54744,4.74689,-1.79033,-1.47872,-1.46148,0.527215,1.11608,-2.65189,-1.95358,1.05833,-1.39017,-0.942083,-0.870279,1.62415,2.44994,-1.32469,-1.28597,0,0,0,0,0,0,0,0,0,0,0,0,0,0,0,0,142,9,8.89962,6,3.06063
0.590802,-2.30999,7.15493,6.15109,0.573819,-1.78692,7.14978,6.12059,0.460527,-2.02439,7.26225,5.63999,0.590802,0.831599,4.54185,3.53873,1.57494,1.25235,4.16283,3.84026,1.46543,1.16992,4.78645,4.16969,1.02404,-2.55461,5.69966,5.39492,0.773457,1.23026,3.95577,3.50388,0.668614,0.231192,6.26196,6.04158,0.694949,1.10275,5.27121,5.06427,0,0,0,0,0,0,0,0,0,0,0,0,0,0,0,0,143,5,1.48203,2,1.43
2.46658,0.722161,2.58587,2.43061,1.43599,1.73938,2.98578,2.61969,2.50695,1.83183,3.0873,2.78637,2.46658,-2.41943,1.78638,1.63899,3.38129,-3.05299,1.88522,1.7998,2.9238,-3.0364,2.14504,1.91461,2.26823,2.12133,2.75365,2.67536,0.593088,-2.61769,2.07,1.48035,0.728189,0.736164,3.28215,3.0912,2.39413,-3.1373,2.13716,2.11661,0,0,0,0,0,0,0,0,0,0,0,0,0,0,0,0,160,5,4.18844,5,3.7451
1.04478,1.15159,3.14861,2.59296,2.30796,1.97642,3.05937,2.88412,1.9314,2.38188,3.50145,3.06468,1.04478,-1.99,4.92567,4.36636,1.76881,-2.60569,4.25907,3.9883,1.03735,-3.03275,4.6657,3.78221,1.91862,2.17572,2.94444,2.83789,0.69059,-1.45506,4.29106,3.76846,0.396377,-2.46569,4.24489,3.77209,1.25016,2.6652,3.86758,3.79411,0,0,0,0,0,0,0,0,0,0,0,0,0,0,0,0,92,5,3.85238,0,0
1.25407,2.70244,-0.657077,-0.438279,0.283182,2.94594,-1.13347,-0.255488,0.517257,-1.16271,-2.7106,-1.27611,1.25407,-0.439153,-4.16114,-3.71741,1.71518,0.852049,-3.93892,-3.65519,1.43011,0.642313,-4.23939,-3.60558,0.734546,-0.199421,-1.13405,-0.777965,0.590612,-0.711147,-4.52031,-3.89084,0.611018,-2.57248,-2.24396,-1.99687,1.4247,1.05907,-3.45216,-3.39473,0,0,0,0,0,0,0,0,0,0,0,0,0,0,0,0,87,0,0,1,0.606629
1.48565,3.06077,-5.62867,-5.27727,1.78941,2.88137,-5.47141,-5.20532,1.43721,2.59399,-5.56276,-4.93201,1.48565,-0.0808186,-4.07926,-3.72814,1.45035,0.455617,-4.0929,-3.72951,0.8736,0.41261,-5.06193,-4.03194,0.252796,0.105816,-6.39404,-5.04759,1.08156,0.842304,-4.71279,-4.4323,1.64512,2.68754,-4.91033,-4.86656,0.463715,-1.39688,-3.63124,-3.24895,0,0,0,0,0,0,0,0,0,0,0,0,0,0,0,0,77,1,1.64512,2,1.53851
2.82874,0.317665,-4.43499,-4.31114,3.33382,0.593321,-4.27357,-4.18144,2.56584,0.512919,-4.48556,-4.19341,2.82874,-2.82393,-3.20219,-3.07876,2.73997,-2.82692,-3.26356,-3.13293,1.95218,-2.89785,-3.3013,-2.87133,0.805284,-0.258056,-4.89812,-4.46938,0.66186,-1.8915,-3.10623,-2.55931,2.06593,0.787996,-4.05968,-4.0315,1.69313,3.04875,-3.11747,-3.07622,0,0,0,0,0,0,0,0,0,0,0,0,0,0,0,0,279,5,3.25828,5,2.45767
2.94089,1.41323,-1.24642,-1.15013,5.31227,1.43399,-1.44572,-1.41154,2.46172,2.07222,-1.30634,-1.04984,2.94089,-1.72836,-1.1992,-1.10461,1.42232,-1.74218,-1.40521,-1.08939,1.46094,-1.85141,-1.96988,-1.39458,0.771584,2.90768,-1.7044,-1.29489,1.15169,-2.66108,-1.80457,-1.5671,2.02657,1.78597,-0.92746,-0.906256,1.06757,-0.954962,-1.2601,-1.17762,0,0,0,0,0,0,0,0,0,0,0,0,0,0,0,0,290,8,7.89363,4,1.20491
3.07112,-0.765887,-2.46995,-2.36467,1.86601,-1.33346,-2.90731,-2.66,1.32157,-1.65543,-3.54058,-2.85078,3.07112,2.37571,-3.38208,-3.27539,2.57923,2.77117,-3.52069,-3.37531,1.90463,2.91017,-3.68237,-3.23705,0.966301,-2.02735,-2.62246,-2.2953,0.913771,2.14575,-3.21253,-2.85425,0.548489,-0.960623,-4.07605,-3.77602,1.3965,-2.90303,-3.63664,-3.57696,0,0,0,0,0,0,0,0,0,0,0,0,0,0,0,0,196,2,2.30573,4,3.61902
1.38893,-0.0631809,4.17575,3.7895,2.01229,-1.10549,3.88526,3.66455,1.30884,-1.53247,4.74504,4.0457,1.38893,3.07841,5.77128,5.38477,1.76065,-2.04595,5.52125,5.24841,2.04835,-1.63489,5.15463,4.75009,0.748151,-2.33899,3.99234,3.52037,1.70483,-2.11184,4.74197,4.60969,0.957888,-0.933456,4.74358,4.62415,0.947323,-0.662662,5.12536,5.00353,0,0,0,0,0,0,0,0,0,0,0,0,0,0,0,0,129,5,3.25405,3,2.10776
3.12508,1.44066,-4.30855,-4.20493,5.4844,0.595475,-3.8366,-3.80056,1.07949,0.525957,-4.71213,-3.86137,3.12508,-1.70093,-0.942042,-0.867577,2.85214,-1.9021,-0.993396,-0.903215,3.02586,-1.90398,-1.19646,-1.01545,1.52997,0.338549,-4.10213,-3.94261,0.898182,-1.17554,-1.18737,-0.901085,0.510652,3.07532,-3.99154,-3.65806,2.43032,-2.15256,-1.09174,-1.07543,0,0,0,0,0,0,0,0,0,0,0,0,0,0,0,0,379,2,1.83294,8,4.86845
2.19591,2.28203,1.94194,1.75974,3.34776,2.15944,1.8171,1.73075,1.14849,2.39012,1.02383,0.520357,2.19591,-0.859565,1.48818,1.31863,1.51999,-0.776247,0.4253,0.307076,1.38801,-0.689388,-0.324751,-0.170669,0.498864,2.3734,-0.460293,-0.221971,0.366307,1.22932,-0.942623,-0.386205,0.649754,2.40296,1.65053,1.43999,1.5516,-0.913191,-0.0386475,-0.0368021,0,0,0,0,0,0,0,0,0,0,0,0,0,0,0,0,337,16,4.80364,9,4.86335
1.70312,-2.30503,-3.93295,-3.64615,2.05382,-1.83127,-3.8654,-3.65189,0.958713,-1.46246,-4.21808,-3.26916,1.70312,0.836562,-2.91644,-2.6316,1.22881,1.04942,-2.96404,-2.51181,0.1893,1.32299,-5.51204,-3.01957,0.713647,-2.58271,-3.31541,-2.81579,0.902304,1.61535,-3.11665,-2.75226,0.912443,-0.681341,-3.9089,-3.77883,0.723098,-1.45072,-3.60417,-3.41067,0,0,0,0,0,0,0,0,0,0,0,0,0,0,0,0,136,3,1.40895,3,0.812281
1.42838,-1.72106,5.01669,4.6451,2.05812,-1.79084,4.90925,4.69626,1.06951,-1.86498,5.78775,4.92905,1.42838,1.42053,6.1882,5.81657,0.625328,1.48233,6.97847,6.02341,0.37163,-1.79844,7.38868,5.55879,0.633138,-2.69712,4.91039,4.32953,0.953843,-1.03427,5.66098,5.32258,0.795538,-1.23585,5.80108,5.63598,0.732183,2.46618,6.10161,5.91175,0,0,0,0,0,0,0,0,0,0,0,0,0,0,0,0,90,1,0.795538,1,0.0588835
4.26946,2.34596,-0.248571,-0.234777,6.03761,1.96246,-0.385182,-0.374328,5.46004,1.99639,-0.381838,-0.353421,4.26946,-0.795634,-2.00191,-1.94592,2.4231,-1.39081,-2.48602,-2.32644,0.529273,-0.273912,-4.87474,-3.38647,2.67533,2.09784,-0.670533,-0.637231,1.0242,-0.130353,-3.33563,-3.03201,2.81155,1.89988,-0.0726729,-0.0715626,0.50607,-3.12176,-4.384,-4.04594,0,0,0,0,0,0,0,0,0,0,0,0,0,0,0,0,382,14,12.714,2,0.0774045
1.1362,-1.37068,5.87876,5.37426,1.39459,-0.952986,5.58961,5.20529,1.17946,-1.42459,6.38507,5.60517,1.1362,1.77091,6.81508,6.31058,0.874175,1.35117,6.93736,6.25122,0.211005,-0.175813,8.65559,6.26848,1.64291,-1.41725,5.76049,5.61935,0.444327,0.329624,6.406,5.55737,0.463556,1.74301,5.94898,5.56571,0.279079,-2.43717,8.12491,7.40984,0,0,0,0,0,0,0,0,0,0,0,0,0,0,0,0,81,2,1.79131,0,0
0.857234,-1.63664,5.58894,4.88817,0.301268,3.08062,6.69612,5.07116,0.472172,-1.84993,4.6961,3.09975,0.857234,1.50496,3.21544,2.51951,0.841063,2.70892,3.22527,2.51501,0.411006,3.00063,4.49117,2.76298,0.797175,-0.153395,3.45552,3.02223,0.840373,-2.02721,2.88891,2.48803,0.976134,-2.79445,3.30199,3.18684,0.812918,1.61577,3.28169,3.1231,0,0,0,0,0,0,0,0,0,0,0,0,0,0,0,0,120,2,0.828044,2,0.855424
1.83141,1.77787,0.549872,0.43346,3.43889,1.23936,0.438383,0.403756,3.36665,1.17316,0.65636,0.55403,1.83141,-1.36372,0.90414,0.731686,1.31894,-0.688301,0.325613,0.217121,0.903201,-1.18951,1.43362,0.674324,1.28079,1.77432,0.568072,0.466234,0.717403,-2.75358,0.816746,0.528207,2.42132,0.869324,0.621806,0.610462,1.14966,-0.515662,0.871079,0.812142,0,0,0,0,0,0,0,0,0,0,0,0,0,0,0,0,252,5,4.52891,5,1.34404
2.03748,-0.712024,3.19149,2.97586,1.78488,-0.913826,3.16643,2.90053,0.896041,-1.22955,4.0453,3.03908,2.03748,2.42957,3.22574,3.01006,2.35449,2.5536,3.21275,3.04308,1.38184,2.57901,3.57936,2.92222,0.300576,2.63973,4.72621,3.53979,1.64683,2.75547,3.26753,3.12744,1.13818,-1.05298,2.72278,2.63614,0.375367,0.316545,2.83028,2.32918,0,0,0,0,0,0,0,0,0,0,0,0,0,0,0,0,100,1,0.573355,3,2.20323
1.2485,-2.26222,-1.69705,-1.29429,1.7296,-2.77325,-1.23666,-1.01038,1.24562,-2.69736,-1.03394,-0.558162,1.2485,0.879368,1.13712,0.804906,1.52184,0.854438,1.01714,0.775758,0.572709,1.23006,2.81078,1.44905,0.228714,-1.56323,0.347404,0.0838413,0.265631,-2.37619,3.38097,2.09461,1.16744,-2.87584,-1.12628,-1.05969,0.818874,1.08418,0.901761,0.793479,0,0,0,0,0,0,0,0,0,0,0,0,0,0,0,0,67,2,1.27181,3,0.289741
2.14619,-0.124188,-5.57413,-5.37526,2.41362,0.0779196,-5.79921,-5.63592,1.60362,0.0901994,-6.18819,-5.63343,2.14619,3.0174,-6.14685,-5.94798,2.22954,2.82643,-5.87548,-5.68879,1.50233,2.63074,-6.28981,-5.69039,1.91159,0.00500818,-5.85381,-5.74589,0.799974,-2.67861,-5.75378,-5.32116,0.342174,2.73643,-5.81393,-5.24585,1.2433,2.0696,-6.10576,-6.03147,0,0,0,0,0,0,0,0,0,0,0,0,0,0,0,0,88,2,2.63152,3,2.17385
1.99207,0.546861,1.00755,0.844225,1.26631,-0.809021,1.38903,1.02444,1.67531,-1.69924,0.761158,0.476365,1.99207,-2.59473,0.209892,0.168114,3.41125,-2.13064,-0.139042,-0.127347,2.09144,-2.03496,0.0859687,0.0580625,0.303533,-2.66018,2.07726,1.02187,2.01711,-2.34612,0.200271,0.1818,1.52194,-1.53502,0.13719,0.130436,0.640851,-0.734588,-0.34669,-0.275839,0,0,0,0,0,0,0,0,0,0,0,0,0,0,0,0,90,2,1.70405,2,3.53905
4.37441,2.28541,0.00969823,0.00917389,3.68682,2.27692,0.350533,0.325595,4.09638,2.41499,0.51139,0.450831,4.37441,-0.856186,0.721782,0.688021,0.450341,3.12464,1.80736,0.773228,0.676214,2.58297,2.21162,1.0657,0.741534,2.03984,1.00344,0.678668,0.271232,-2.05808,1.11391,0.368967,3.41724,2.49459,0.37507,0.371327,0.746311,2.21201,1.99094,1.81508,0,0,0,0,0,0,0,0,0,0,0,0,0,0,0,0,216,8,5.55811,9,4.0515
2.07203,-1.45547,4.67672,4.46607,2.94372,-0.652886,4.14328,4.02792,2.0967,-0.402706,4.36592,3.97434,2.07203,1.68612,4.18154,3.97097,2.3016,1.02189,4.0339,3.85704,1.89384,0.554374,4.37458,3.92522,1.22661,-0.841974,3.76629,3.53627,1.34592,0.62061,4.61564,4.41765,1.11597,0.0836881,4.60928,4.51862,0.558031,0.39405,3.24967,2.95831,0,0,0,0,0,0,0,0,0,0,0,0,0,0,0,0,246,4,2.6647,6,4.51779
1.91619,-2.03588,4.74748,4.50855,2.46159,-2.26662,4.76928,4.61142,1.30185,-2.38528,5.43408,4.73052,1.91619,1.10572,4.91869,4.67974,1.59682,1.42053,4.88764,4.57141,0.702395,2.1628,5.66945,4.44422,0.493311,-0.629639,5.62425,4.85936,0.378108,3.08049,4.69874,3.71515,1.47453,-2.72037,4.69655,4.64263,0.559964,1.59678,5.66803,5.37702,0,0,0,0,0,0,0,0,0,0,0,0,0,0,0,0,85,2,0.568531,1,0.559964
0.400154,-1.6473,5.0541,3.69893,0.978787,-1.98356,4.40231,3.7984,0.929381,-1.72917,4.71589,3.73967,0.400154,1.49429,3.47625,2.13367,0.0497696,3.04661,5.71835,2.32165,0.694682,-0.816782,4.29892,3.06546,0.53483,0.34533,4.30549,3.60329,0.859854,-2.07173,3.67785,3.2865,1.27657,-2.10487,3.91797,3.84731,0.922415,0.272006,2.92494,2.79806,0,0,0,0,0,0,0,0,0,0,0,0,0,0,0,0,73,3,0.935083,2,0.223308
3.13645,1.7478,-1.01305,-0.935777,3.26451,1.77165,-0.80496,-0.742811,0.523914,2.84502,-1.74413,-0.585355,3.13645,-1.39379,-1.05948,-0.980232,2.85413,-1.52263,-1.09122,-0.996227,3.16374,-1.836,-0.598618,-0.494299,0.86501,-2.11925,-0.578444,-0.403293,1.10893,-1.90731,0.0231625,0.017683,0.892652,1.6269,-0.906075,-0.812012,2.05914,-1.79762,-0.87296,-0.853157,0,0,0,0,0,0,0,0,0,0,0,0,0,0,0,0,269,4,0.666361,9,6.59919
1.77807,-3.11811,-2.40436,-2.14133,2.29824,3.08164,-2.185,-2.01285,1.11986,3.0183,-2.80544,-1.999,1.77807,0.0234789,-1.82934,-1.57802,1.43324,-0.03556,-1.95931,-1.61015,0.254741,-0.201502,-3.82687,-1.66236,1.36604,-2.751,-2.33088,-2.14204,0.352246,2.74626,-1.91269,-0.992717,0.675106,1.34401,-1.92487,-1.71905,0.604213,-0.314036,-2.74427,-2.48817,0,0,0,0,0,0,0,0,0,0,0,0,0,0,0,0,96,0,0,1,0.112691
3.85552,-1.76479,0.988419,0.93591,4.19169,-2.01692,0.987331,0.942366,4.50822,-2.08845,1.05699,0.96924,3.85552,1.3768,1.84289,1.7761,3.13156,1.78821,2.24539,2.14465,2.9862,1.71188,2.28728,2.06252,1.928,-1.74165,0.817624,0.748119,0.296639,2.03321,3.04594,1.86863,2.77353,-2.32698,1.151,1.13807,2.70636,1.67726,2.14841,2.13224,0,0,0,0,0,0,0,0,0,0,0,0,0,0,0,0,443,13,7.11655,9,5.41383
0.248124,2.5371,-5.94977,-4.13724,0.356639,2.67328,-5.64221,-4.17844,0.495835,1.11389,-5.71532,-4.16405,0.248124,-0.604497,-8.56277,-6.74998,1.0835,-0.257242,-7.09261,-6.55741,1.20586,-0.309788,-6.55662,-5.79411,0.527859,-2.11463,-5.22104,-4.50844,0.571642,-1.56118,-6.90812,-6.25476,1.02273,1.06907,-3.94358,-3.83743,1.16103,0.176622,-5.47452,-5.3902,0,0,0,0,0,0,0,0,0,0,0,0,0,0,0,0,94,1,0.136342,1,0.269121
1.63192,-1.17041,-5.74664,-5.44044,1.60306,-1.08433,-5.7725,-5.45806,0.546837,-1.66183,-6.65546,-5.19706,1.63192,1.97119,-4.99112,-4.68496,1.62501,2.03545,-4.97819,-4.67008,0.58453,1.4491,-6.3244,-4.92885,0.895469,-0.58969,-5.29333,-4.92289,0.219938,2.28265,-5.61855,-4.14136,0.795316,-3.08297,-5.7372,-5.57202,0.466046,1.09219,-6.34543,-5.96502,0,0,0,0,0,0,0,0,0,0,0,0,0,0,0,0,96,0,0,3,0.777409
2.21541,-1.36666,-6.41071,-6.22203,2.45891,-1.6465,-6.2063,-6.04812,2.97065,-1.84586,-6.24795,-6.01533,2.21541,1.77494,-5.24432,-5.05565,2.58893,2.00828,-5.33758,-5.19286,1.7626,2.29053,-5.52048,-5.02708,2.6683,-2.05291,-5.94738,-5.88909,1.2196,1.75993,-4.86956,-4.63714,0.655753,-0.855002,-6.66496,-6.43757,0.941279,3.00562,-5.70013,-5.57691,0,0,0,0,0,0,0,0,0,0,0,0,0,0,0,0,353,4,3.68165,4,1.23006
1.21762,-2.1025,1.68093,1.26671,0.900699,-1.70249,2.47197,1.82705,0.347345,-1.2943,4.10348,2.21924,1.21762,1.0391,4.04879,3.58759,2.74397,1.05433,3.16783,3.03763,2.15478,1.01226,3.23458,2.85921,0.689825,-2.67959,2.27084,1.76614,0.394637,1.42508,4.36397,3.41737,0.712824,-0.0374183,3.00921,2.8119,1.80027,0.924202,2.58059,2.54421,0,0,0,0,0,0,0,0,0,0,0,0,0,0,0,0,79,2,0.622707,2,1.97135
1.77117,0.610345,3.4842,3.21452,1.14645,0.925532,3.86995,3.37187,0.668026,2.90419,4.35222,3.08276,1.77117,-2.53125,3.43616,3.16654,2.62666,-2.66724,3.31693,3.17623,0.87489,-2.49179,4.78697,3.75846,0.554196,-0.70281,3.70368,3.02926,1.30752,-2.95125,4.0554,3.84787,1.18957,2.69355,3.20833,3.12799,0.651495,-0.447593,3.81311,3.58361,0,0,0,0,0,0,0,0,0,0,0,0,0,0,0,0,150,0,0,3,1.7441
2.55274,0.474018,0.613846,0.536936,3.26796,0.355598,0.893486,0.826945,2.87612,0.484961,0.960899,0.788955,2.55274,-2.66757,1.84944,1.70938,2.1704,-2.74496,1.62862,1.45066,1.75049,-2.49343,1.78004,1.32649,2.08618,0.155729,1.08036,1.00856,0.510024,2.49647,2.28652,1.58044,1.12628,1.12705,0.422765,0.388481,1.68379,-2.19783,1.20573,1.17098,0,0,0,0,0,0,0,0,0,0,0,0,0,0,0,0,308,6,3.06093,12,3.85404
1.50838,-2.51589,-1.10945,-0.851579,2.50304,-1.9861,-0.795321,-0.698284,3.33033,-2.12632,-0.402133,-0.334269,1.50838,0.625705,-2.54712,-2.2093,1.41062,0.0845024,-2.51063,-2.13973,1.95132,-0.124105,-1.71243,-1.32112,0.427496,-2.62558,-0.575251,-0.249291,1.02509,-0.952997,-1.3531,-1.09771,2.9621,-2.05717,-0.368346,-0.36347,1.46809,0.416593,-1.57138,-1.52173,0,0,0,0,0,0,0,0,0,0,0,0,0,0,0,0,103,6,4.15051,4,2.40344
1.31678,3.04397,4.8406,4.42474,1.49528,2.36305,4.69994,4.35187,0.849454,2.25591,4.94339,3.88895,1.31678,-0.0976177,3.08169,2.66846,1.40242,-1.10522,3.09137,2.71238,0.939918,-1.51651,4.21666,3.25091,0.458599,2.25985,3.95001,3.12858,1.00879,-1.7337,4.07111,3.75971,0.390863,2.25128,5.49662,5.01491,0.222024,0.259161,3.03309,2.14672,0,0,0,0,0,0,0,0,0,0,0,0,0,0,0,0,128,4,2.07573,2,1.19399
1.39861,1.07358,1.0304,0.758844,2.24324,1.8686,1.11821,0.974176,1.49291,1.96411,1.27872,0.813177,1.39861,-2.06802,-0.759047,-0.541883,0.74419,-2.11209,-1.15945,-0.601783,0.486566,2.87586,-0.869206,-0.203176,0.231377,0.888629,2.76247,1.39267,0.867689,-2.61158,-0.836564,-0.59995,1.39784,2.11026,0.448652,0.424159,0.63149,1.11291,0.508772,0.405845,0,0,0,0,0,0,0,0,0,0,0,0,0,0,0,0,56,0,0,0,0
1.90882,1.41092,-0.518578,-0.414313,0.911248,0.31118,-1.41449,-0.884903,0.449858,0.5249,-0.935361,-0.206603,1.90882,-1.73067,1.74167,1.51914,2.53822,-1.0464,1.50337,1.36967,1.67484,-1.11443,1.24559,0.83955,0.675946,-1.9321,-0.344337,-0.20386,1.8474,-0.800513,0.935724,0.85387,1.0632,0.938635,-0.230732,-0.209304,0.576361,-2.82847,0.99945,0.800591,0,0,0,0,0,0,0,0,0,0,0,0,0,0,0,0,209,5,2.03224,6,3.37707
1.43363,0.435665,2.85274,2.48664,1.91314,0.913419,2.86606,2.62845,1.32345,0.795056,3.60988,2.92081,1.43363,-2.70593,1.57901,1.25128,1.35471,2.77243,1.3263,0.998886,1.17815,2.92912,2.60332,1.84245,0.99558,1.67039,2.93932,2.62398,0.316481,-0.13945,2.8606,1.74748,1.02675,-0.0446554,3.37975,3.27454,1.49396,2.94458,1.95264,1.90222,0,0,0,0,0,0,0,0,0,0,0,0,0,0,0,0,217,2,1.40003,1,1.49396
1.35571,2.55504,8.10074,7.70105,1.42379,2.49018,8.04738,7.67405,0.914914,2.46195,8.31076,7.32058,1.35571,-0.586554,6.58586,6.18617,1.36964,-0.605261,6.59597,6.20188,0.859754,-0.607947,7.60791,6.56368,0.846256,-2.52833,7.58036,7.17952,1.37033,-0.773967,6.88792,6.69569,1.06227,1.58922,7.57162,7.47243,0.541376,2.10207,6.57513,6.26894,0,0,0,0,0,0,0,0,0,0,0,0,0,0,0,0,114,0,0,0,0
1.01601,-0.764919,2.64148,2.07393,2.14973,0.210921,2.60438,2.40869,1.97783,0.363659,3.33547,2.91284,1.01601,2.37667,3.63377,3.0569,1.01997,1.02757,4.80588,4.2303,0.496339,0.389172,7.64217,6.09165,1.21395,0.875109,2.73956,2.50785,0.638373,-1.41563,6.27967,5.70435,1.09453,-0.210159,3.51541,3.42165,0.894881,1.15609,6.65333,6.51862,0,0,0,0,0,0,0,0,0,0,0,0,0,0,0,0,49,5,1.40524,0,0
1.9121,1.95885,0.85272,0.697323,2.27145,2.18312,0.760827,0.650973,1.40779,2.28521,1.34333,0.835449,1.9121,-1.18275,1.38353,1.17835,1.57301,-1.3718,1.52849,1.24372,0.750245,-1.66724,2.04215,1.00389,0.496473,0.998697,1.96986,1.27208,0.967986,-0.6848,1.0038,0.769762,1.3551,2.64456,0.540311,0.509858,0.832926,-2.97942,1.4614,1.32655,0,0,0,0,0,0,0,0,0,0,0,0,0,0,0,0,112,1,0.0938449,0,0
0.876782,1.66484,4.07615,3.39307,1.64657,1.46608,3.95401,3.65218,0.999025,1.6273,4.90483,3.98978,0.876782,-1.47675,5.88403,5.20013,0.926398,-1.74521,5.72772,5.08428,0.28054,-1.32677,6.7335,4.62808,0.844147,0.336542,4.29687,3.89488,0.439275,-1.27342,6.21721,5.35922,1.11556,2.44158,4.17851,4.08783,0.159836,1.9619,4.57245,3.38872,0,0,0,0,0,0,0,0,0,0,0,0,0,0,0,0,138,1,0.159836,3,0.755064
2.10245,0.698622,5.65538,5.44966,2.1812,0.532895,5.60436,5.41074,1.50131,0.311658,6.10005,5.50016,2.10245,-2.44297,6.60052,6.3948,1.87209,-2.34552,6.72986,6.48191,1.10247,-2.46527,7.209,6.37503,0.835094,1.09182,5.43881,5.03063,0.993521,-1.54506,6.42624,6.10746,1.0812,-0.262686,6.08986,5.9938,0.935817,2.81172,6.84191,6.71741,0,0,0,0,0,0,0,0,0,0,0,0,0,0,0,0,12,1,1.0812,0,0
5.26851,2.21813,-1.4922,-1.45711,6.98709,1.74148,-1.48403,-1.46374,6.05102,1.7071,-1.53945,-1.47894,5.26851,-0.923464,-1.09227,-1.0614,4.82949,-0.461686,-1.36616,-1.32595,4.42438,-0.340974,-1.44422,-1.33967,5.51439,1.63051,-1.46093,-1.44814,2.25388,-0.470632,-1.74247,-1.66768,0.695413,2.35902,-1.87425,-1.67911,2.20874,-0.20865,-1.00579,-0.986974,0,0,0,0,0,0,0,0,0,0,0,0,0,0,0,0,257,6,8.46978,9,6.79041
2.45943,0.42025,1.24241,1.1118,2.1335,1.21619,0.911908,0.774102,1.41508,1.54145,1.59165,1.04064,2.45943,-2.72134,2.14465,1.99152,3.13557,-3.12706,1.99192,1.89304,1.10926,2.69562,2.40638,1.61,0.713054,1.14218,2.17051,1.68965,0.835823,-3.06595,1.37507,1.03592,0.8072,1.89198,0.302379,0.258453,0.566888,1.87043,2.78094,2.49824,0,0,0,0,0,0,0,0,0,0,0,0,0,0,0,0,143,5,1.10666,3,0.786401
1.00173,0.0865395,-1.1847,-0.750538,0.784602,0.150858,-1.22196,-0.66753,0.578616,1.07658,-2.54989,-1.22825,1.00173,-3.05505,-2.99603,-2.41344,1.18435,2.7012,-2.83714,-2.36405,0.58129,2.94522,-3.26599,-1.88694,1.19769,0.797184,-1.36483,-1.16126,0.51219,-1.00288,-3.01269,-2.28493,0.661056,-2.5882,-1.55216,-1.3512,1.00614,2.56892,-1.60712,-1.50703,0,0,0,0,0,0,0,0,0,0,0,0,0,0,0,0,65,1,0.619446,0,0
2.20705,-2.26317,3.41277,3.2234,2.54844,-1.78144,3.01877,2.87086,1.24224,-1.89447,4.04048,3.30212,2.20705,0.878418,3.11317,2.92421,2.50965,0.142181,3.16786,3.01577,2.14227,0.068169,3.652,3.27257,0.941185,-0.835329,3.8071,3.46256,1.49209,-0.490229,3.64583,3.4795,1.13317,-2.70435,3.2178,3.12994,1.18059,0.801868,3.07101,2.98963,0,0,0,0,0,0,0,0,0,0,0,0,0,0,0,0,236,8,2.54479,3,1.78445
1.23062,-2.89824,3.90156,3.44689,0.905491,-2.31838,3.93822,3.27915,0.502324,-2.75961,5.24512,3.70661,1.23062,0.243356,5.6505,5.19524,1.86082,0.504829,5.26894,5.01863,1.53856,0.278667,5.31404,4.73119,0.950771,-2.96725,4.45955,4.11968,1.82259,0.259169,5.0215,4.90397,0.470768,-0.0474353,3.32539,2.95176,0.285905,-2.98754,4.84171,4.14511,0,0,0,0,0,0,0,0,0,0,0,0,0,0,0,0,72,1,0.285905,2,2.31511
1.49026,-0.268916,6.94877,6.59893,1.35739,-0.196598,6.97308,6.57407,0.577545,-0.171428,8.30321,6.89631,1.49026,2.87268,8.13712,7.78728,1.63673,2.75796,8.06747,7.76262,0.877403,2.60837,8.50577,7.47929,1.00292,-0.363667,6.81258,6.49821,0.807628,-2.58639,7.5217,7.09456,0.449756,2.53005,8.05716,7.65748,0.874457,1.6501,8.08744,7.94718,0,0,0,0,0,0,0,0,0,0,0,0,0,0,0,0,117,2,0.155602,1,0.449756
1.89401,2.14492,2.20359,1.96763,1.10056,1.79162,2.50918,1.99618,0.825716,1.12279,2.70882,1.6613,1.89401,-0.996671,0.137569,0.107975,2.42928,-0.684355,0.667833,0.578599,1.7613,-0.754312,1.08076,0.729263,0.791062,2.28707,1.68806,1.29252,1.38255,-0.492518,0.355304,0.295883,0.889395,0.16669,2.23383,2.10119,0.556234,-1.45311,1.88777,1.61127,0,0,0,0,0,0,0,0,0,0,0,0,0,0,0,0,104,1,0.0173495,1,0.936287
1.68026,-0.333457,-3.81053,-3.51788,4.73077,-0.543557,-2.92405,-2.87644,1.46349,-0.341407,-3.90207,-3.28519,1.68026,2.80814,-3.61469,-3.32222,1.64855,-1.92751,-3.39748,-3.09682,0.935203,-2.43577,-3.18144,-2.22023,1.71103,-0.669475,-3.4518,-3.32065,0.385687,2.60856,-3.83082,-2.86652,0.573042,1.50562,-3.47439,-3.19415,0.887847,-2.01255,-1.70244,-1.57581,0,0,0,0,0,0,0,0,0,0,0,0,0,0,0,0,187,5,3.21648,1,0.0825674
1.86419,-0.885192,0.466825,0.368653,3.14048,-1.28163,0.761324,0.69738,1.62466,-1.43788,1.39438,0.947673,1.86419,2.2564,2.14885,1.90782,1.89158,2.4601,1.88183,1.65187,1.75333,2.56799,2.32173,1.84082,0.226312,-0.0362141,2.79432,1.40258,0.240914,-1.83666,3.11413,1.75122,1.60218,-1.57758,0.707691,0.680046,1.84068,2.44293,1.92012,1.88639,0,0,0,0,0,0,0,0,0,0,0,0,0,0,0,0,196,8,2.8823,8,4.61606
2.84445,-1.03159,3.96964,3.84705,2.441,-1.19869,3.90268,3.74265,1.95616,-1.26804,4.13138,3.70108,2.84445,2.11,2.75749,2.63592,3.971,2.52957,2.79834,2.73218,4.36186,2.81692,3.03268,2.91193,0.606825,-2.22003,4.69961,4.08929,1.16888,2.31199,3.2139,2.96627,1.67859,-0.969134,3.49174,3.44971,3.38639,2.98467,2.89875,2.88813,0,0,0,0,0,0,0,0,0,0,0,0,0,0,0,0,301,6,2.13856,6,8.47436
0.928842,-2.73721,2.94833,2.31384,1.22878,-2.56375,2.87634,2.42484,0.836101,-3.0609,3.3552,2.29541,0.928842,0.404383,4.06052,3.41973,0.97816,1.32574,3.98894,3.38502,0.656179,1.62193,5.04229,3.75489,0.52344,1.73926,3.52561,2.80928,0.816493,2.21989,3.6516,3.23158,0.946747,-2.47763,1.89532,1.7794,0.46003,0.0106017,5.02706,4.63974,0,0,0,0,0,0,0,0,0,0,0,0,0,0,0,0,134,2,0.751172,4,0.782627
0.908411,-1.30479,2.78069,2.13322,1.3733,-2.22871,2.36973,1.98727,1.1562,-2.13131,2.37797,1.61405,0.908411,1.8368,0.584021,0.314802,1.19395,1.11906,0.116535,0.0726749,1.01115,1.27357,1.03184,0.477119,0.440261,-2.0838,3.2133,2.36439,1.48542,1.20522,0.701906,0.605662,0.716738,-2.16048,0.880825,0.748828,0.481609,-2.08027,0.222878,0.15566,0,0,0,0,0,0,0,0,0,0,0,0,0,0,0,0,104,2,0.484001,1,1.48542
2.30637,1.85764,3.18921,3.01354,4.36735,1.5361,2.83256,2.77721,3.42588,1.48712,2.74236,2.55999,2.30637,-1.28395,3.57588,3.39983,0.652291,2.97314,3.60881,2.69334,2.95699,-1.05898,3.25026,3.01681,3.27952,1.35068,2.63933,2.60041,1.93683,-1.18149,3.49632,3.39113,0.479865,2.6805,2.72225,2.36178,1.06141,-0.834083,2.45913,2.36138,0,0,0,0,0,0,0,0,0,0,0,0,0,0,0,0,254,12,7.38156,6,3.84797
2.96984,-0.606341,-4.77534,-4.66175,5.1715,-0.501334,-4.69103,-4.65065,3.69123,-0.703298,-4.81853,-4.65618,2.96984,2.53525,-4.44468,-4.33111,1.4858,2.35018,-4.74605,-4.39478,1.18793,1.31541,-5.51586,-4.74165,3.19652,-0.760584,-4.88135,-4.84003,0.778801,0.100623,-5.45486,-5.00654,0.532398,-0.352385,-4.20233,-3.8886,1.17167,1.988,-4.57057,-4.48767,0,0,0,0,0,0,0,0,0,0,0,0,0,0,0,0,287,9,5.3284,2,0.840098
1.10816,2.3259,-0.884178,-0.565876,2.04576,-3.09154,-0.682782,-0.564033,1.97092,-2.96232,-0.199569,-0.130794,1.10816,-0.815693,1.29037,0.87993,1.18274,-1.91648,1.27051,0.892683,1.00029,-2.09957,0.754918,0.326324,0.721721,-2.45665,-1.04801,-0.70314,0.771241,-0.679218,0.35419,0.227669,1.38439,3.06557,0.358281,0.337952,1.16797,-2.81094,0.455053,0.420718,0,0,0,0,0,0,0,0,0,0,0,0,0,0,0,0,142,1,1.16797,1,0.105713
1.92635,1.25246,-2.51077,-2.27774,1.15808,2.01755,-2.73803,-2.25248,0.66341,2.61958,-3.09177,-1.8376,1.92635,-1.88914,-1.04266,-0.867192,2.00626,-2.72536,-0.916506,-0.764513,1.76295,-3.08624,-1.49471,-1.07392,0.954405,-2.62433,-2.36891,-2.03908,0.864373,-2.09868,-1.15377,-0.857915,0.84212,1.2638,-1.70219,-1.56349,1.47535,2.68598,-1.2974,-1.25134,0,0,0,0,0,0,0,0,0,0,0,0,0,0,0,0,121,1,0.119499,2,0.596075
1.64198,2.92331,5.07736,4.77399,2.62587,2.60793,4.90715,4.76597,1.40197,2.35758,5.26318,4.61455,1.64198,-0.21828,4.46519,4.1619,1.24121,0.413092,4.69863,4.24857,0.854191,1.72503,5.55443,4.50461,1.29975,1.94773,5.19704,4.98733,1.12677,2.30404,5.0631,4.79975,0.558818,-2.7398,4.16021,3.86848,0.622946,0.0109986,4.22513,3.9785,0,0,0,0,0,0,0,0,0,0,0,0,0,0,0,0,87,3,2.5477,2,1.42093
2.23863,-1.36674,0.814245,0.696101,1.41429,-1.00115,1.39577,1.07854,1.49007,-0.712551,1.25591,0.794474,2.23863,1.77485,-0.852785,-0.730712,1.61973,2.27619,-1.26617,-1.01462,1.25022,2.14522,-1.31375,-0.7543,1.69288,-0.463568,0.683405,0.607332,0.137743,-0.794182,-1.40336,-0.274198,0.443511,-2.62981,1.68488,1.31695,1.38544,2.16519,-1.11876,-1.07032,0,0,0,0,0,0,0,0,0,0,0,0,0,0,0,0,187,2,1.76581,6,3.32868
2.15286,-3.03032,2.86908,2.67277,3.03628,2.85171,2.67608,2.56804,2.42218,2.97573,3.02831,2.71181,2.15286,0.111274,1.84792,1.66162,2.04917,0.452408,2.08206,1.87563,1.86485,0.446933,2.68747,2.23553,0.295931,3.03344,4.38171,3.18195,1.6919,-0.0386196,2.43357,2.30184,2.12681,2.9677,2.52019,2.49389,0.871364,1.58107,2.24548,2.10794,0,0,0,0,0,0,0,0,0,0,0,0,0,0,0,0,232,5,3.23101,8,3.80807
2.05756,2.04596,-1.45845,-1.27159,1.90094,2.57995,-1.43217,-1.22221,0.54014,3.06617,-1.17156,-0.329346,2.05756,-1.09563,-1.81525,-1.61559,1.57317,-1.79014,-1.65418,-1.36152,2.53195,-1.64075,-1.06964,-0.848568,0.771193,2.01645,-1.10285,-0.772091,1.36348,-0.990252,-1.10305,-0.953365,0.686849,-1.87569,0.350755,0.285991,1.66595,-2.15932,-0.776245,-0.748791,0,0,0,0,0,0,0,0,0,0,0,0,0,0,0,0,151,2,1.09308,4,3.932
2.53972,-0.132982,-4.1304,-3.98088,2.73748,0.530316,-4.00128,-3.8701,2.77394,0.357612,-4.16885,-3.90979,2.53972,3.00861,-1.2839,-1.15829,3.53884,2.46788,-1.44432,-1.37105,2.22403,-3.02215,-2.09364,-1.74848,1.68122,0.0686447,-4.4154,-4.27988,1.91381,-2.59884,-1.78948,-1.68824,1.25729,0.748539,-3.46652,-3.39391,0.920672,2.23759,-1.9938,-1.87094,0,0,0,0,0,0,0,0,0,0,0,0,0,0,0,0,238,5,3.58645,4,2.31585
2.36381,0.222574,5.13913,4.96995,3.0076,1.09329,4.71879,4.60774,1.05396,1.31786,4.29658,3.42666,2.36381,-2.91902,2.92514,2.7571,2.66622,-2.2741,2.54628,2.41072,3.65704,-2.19191,2.37652,2.21487,0.895859,0.414578,3.4079,3.03886,2.17646,-2.50901,2.06754,1.98523,0.862791,2.27139,4.06727,3.92379,1.72794,-1.78829,2.555,2.51567,0,0,0,0,0,0,0,0,0,0,0,0,0,0,0,0,100,2,3.05363,4,5.0367
2.64099,0.421735,2.57769,2.43974,2.29564,0.590379,2.55786,2.38263,1.93948,0.58683,2.62711,2.19865,2.64099,-2.71986,2.58396,2.44598,3.10986,-2.91331,2.59401,2.49071,2.32966,-2.87222,3.2431,2.90726,0.442873,-0.708742,3.22724,2.3829,1.66826,2.86399,3.0187,2.88203,1.86838,0.816971,2.13266,2.09938,1.2536,-2.10777,3.01584,2.94306,0,0,0,0,0,0,0,0,0,0,0,0,0,0,0,0,233,5,5.37984,4,0.99509
2.34151,-1.1099,3.69389,3.52221,1.50037,-1.71891,4.38066,4.03436,1.04416,-1.39022,5.2276,4.34924,2.34151,2.0317,3.47436,3.30282,3.42409,2.28795,3.53513,3.44752,2.45334,2.11763,3.6592,3.34719,1.29583,-0.757788,4.54782,4.33712,2.44942,1.96265,3.54256,3.47422,0.76598,-2.96238,4.54647,4.37047,0.379564,-2.68254,3.3338,2.83589,0,0,0,0,0,0,0,0,0,0,0,0,0,0,0,0,280,11,3.53398,6,4.7312
1.91305,-1.02336,-0.000699143,-0.000550183,2.21494,-0.917972,-0.369078,-0.307702,1.28259,-1.00425,-0.470406,-0.236509,1.91305,2.11823,-0.857642,-0.701723,1.98825,2.28087,-0.484328,-0.391829,1.04788,2.22671,-0.987525,-0.46473,0.247505,1.38683,-1.61607,-0.582974,0.392345,1.83566,-2.0897,-1.21413,1.4733,-1.11908,-0.0186959,-0.017713,0.701285,2.4416,0.480269,0.396448,0,0,0,0,0,0,0,0,0,0,0,0,0,0,0,0,55,1,1.4733,0,0
2.69401,2.97466,3.01517,2.8809,3.87633,-2.58917,2.71224,2.64313,3.6559,-2.44067,2.77409,2.61054,2.69401,-0.166937,3.32454,3.18992,2.60274,-1.08064,3.08309,2.9404,2.74848,-1.28624,3.36134,3.09919,3.33977,-2.4927,2.49961,2.46216,1.66024,-1.63518,3.57861,3.44028,0.36467,-1.94424,3.89719,3.3722,1.31691,-0.840591,2.71012,2.64402,0,0,0,0,0,0,0,0,0,0,0,0,0,0,0,0,327,9,6.97138,10,3.83409
1.19983,1.95434,-2.69217,-2.22866,2.19356,1.76699,-2.7381,-2.54823,1.41394,1.96246,-3.42041,-2.78065,1.19983,-1.18725,-4.17317,-3.70296,1.32854,-1.92669,-3.82252,-3.41219,0.532532,-2.28987,-4.56754,-3.086,0.480863,0.754428,-4.04767,-3.26376,0.704713,3.01464,-3.06944,-2.56333,1.32209,2.30942,-2.47941,-2.41415,0.601082,-0.952801,-4.09674,-3.83595,0,0,0,0,0,0,0,0,0,0,0,0,0,0,0,0,81,3,0.85003,2,0.296597
4.07003,-0.275445,-0.476414,-0.448896,2.67272,-0.969919,-0.483272,-0.425114,2.45955,-1.13656,-0.160093,-0.117485,4.07003,2.86615,-3.31097,-3.24747,7.00172,2.24531,-2.92716,-2.90486,1.48794,2.76944,-3.0821,-2.48086,1.99083,-1.13405,-0.504176,-0.459311,1.59774,2.45295,-2.85848,-2.71146,0.468747,-1.14721,1.1319,0.847602,0.49821,-1.88181,-2.2365,-1.9016,0,0,0,0,0,0,0,0,0,0,0,0,0,0,0,0,531,20,8.95525,9,11.5718
1.52983,1.80386,2.06199,1.74014,1.57872,1.46383,1.37473,1.10353,0.287668,1.60092,2.64591,0.790463,1.52983,-1.33773,2.14908,1.82491,1.09139,-1.30544,2.50796,1.98973,0.700521,-1.10399,3.04391,1.83942,0.943291,2.03148,0.709642,0.522354,0.872973,-2.18964,2.52855,2.15184,0.692367,-0.935818,1.38093,1.20213,0.826103,0.103692,1.5691,1.42907,0,0,0,0,0,0,0,0,0,0,0,0,0,0,0,0,81,2,0.160859,1,0.568101
4.81283,0.556577,0.136525,0.130377,5.96076,0.884323,0.395395,0.384003,3.50209,0.702891,0.661409,0.564615,4.81283,-2.58502,1.02272,0.987322,1.719,-2.42284,2.45793,2.18036,2.03603,-1.96922,2.68751,2.28534,1.8503,0.968889,0.988756,0.904332,2.14492,-1.72752,2.39936,2.31338,1.78444,0.426821,0.192937,0.185928,0.515515,2.65275,2.51707,2.19383,0,0,0,0,0,0,0,0,0,0,0,0,0,0,0,0,345,12,9.7371,8,4.84922
1.85361,1.68395,2.88737,2.63753,2.00213,0.968606,2.77844,2.55783,1.2018,0.859554,3.0418,2.28478,1.85361,-1.45764,1.18446,0.984653,2.28574,-1.27216,0.814825,0.70046,1.61661,-1.06568,0.695371,0.421956,0.575744,0.27776,3.60215,2.95596,1.8762,-1.12198,0.652956,0.591324,0.787161,1.27318,1.66481,1.51025,0.277485,1.68559,-0.342974,-0.16952,0,0,0,0,0,0,0,0,0,0,0,0,0,0,0,0,107,1,0.34596,3,2.06216
1.99261,-2.06119,1.59545,1.39266,2.55766,-2.29906,1.49146,1.35985,1.02228,-1.47843,3.52348,2.63171,1.99261,1.0804,2.09342,1.87731,0.261519,2.19963,4.48793,2.73037,0.190305,0.0377144,5.20855,2.72326,1.05325,-0.892696,3.32845,3.03736,0.770019,1.9161,2.90532,2.45464,0.599937,-2.8058,2.18838,1.93505,0.847277,-1.00975,3.20067,3.05307,0,0,0,0,0,0,0,0,0,0,0,0,0,0,0,0,181,6,5.5212,2,0.233937
1.84519,2.33952,1.91299,1.67314,5.02475,2.18714,1.15239,1.1177,3.5735,2.07881,1.47212,1.32043,1.84519,-0.802075,2.18068,1.93524,0.584684,1.11008,3.08046,2.08117,1.44725,2.11882,2.04584,1.45876,2.91125,2.018,1.13238,1.09261,0.823448,1.2125,2.27087,1.86819,0.690671,2.33784,2.27673,2.07305,1.14142,2.72282,1.11742,1.04833,0,0,0,0,0,0,0,0,0,0,0,0,0,0,0,0,90,6,4.86889,2,0.838363
0.845538,-1.78397,5.43837,4.72722,0.426963,-0.706594,6.1427,4.84728,3.89878,-1.60352,3.62981,3.48225,0.845538,1.35762,2.88746,2.18585,0.575538,0.318552,3.10519,2.09195,0.480686,-0.0220318,3.36922,1.8138,2.59303,-1.84412,3.75722,3.69577,0.938003,1.06887,1.98468,1.65602,1.51242,-1.18266,3.16896,3.11776,0.833413,-1.53565,2.17666,2.0287,0,0,0,0,0,0,0,0,0,0,0,0,0,0,0,0,137,3,4.11486,0,0
3.71093,-0.535087,-0.807654,-0.758153,2.95678,-0.633316,-0.629143,-0.567818,0.551141,-2.49916,-3.46174,-2.02724,3.71093,2.60651,-0.095172,-0.088255,4.11921,2.43529,-0.337091,-0.317419,4.33123,2.43084,-0.259372,-0.229922,0.772942,2.71614,-2.91208,-2.46357,2.65015,2.1489,-0.0695319,-0.065551,0.700393,-1.18621,-1.61237,-1.42683,1.93195,2.82241,-0.474555,-0.460546,0,0,0,0,0,0,0,0,0,0,0,0,0,0,0,0,404,15,4.75794,17,11.0132
2.73889,-2.48824,-4.95678,-4.82564,3.61528,-2.65551,-4.91439,-4.83498,1.73891,-2.33238,-5.01342,-4.51155,2.73889,0.653355,-5.1313,-5.00016,2.04551,0.912659,-5.10903,-4.89389,0.98679,0.895427,-3.96628,-3.04249,1.63248,-2.55323,-4.981,-4.83829,0.841379,0.0993175,-2.96062,-2.55989,0.386287,-1.14941,-4.12296,-3.63434,0.721211,1.88122,-3.90708,-3.71259,0,0,0,0,0,0,0,0,0,0,0,0,0,0,0,0,231,4,3.37199,3,0.696755
3.11202,0.29668,0.419054,0.379465,3.0289,-0.61164,0.89717,0.820906,4.84051,-0.265665,0.874751,0.805706,3.11202,-2.84491,0.524907,0.47661,3.01518,-2.2572,0.457397,0.412179,2.96632,-2.36606,0.276955,0.220381,3.03102,0.0190394,0.89285,0.860607,0.961784,-1.72388,0.661406,0.488995,2.1108,-0.680809,0.742341,0.725428,2.27042,-2.62259,0.0653795,0.0638657,0,0,0,0,0,0,0,0,0,0,0,0,0,0,0,0,227,6,6.18235,6,3.53825
2.10095,-0.120598,-3.12433,-2.91935,2.33445,-0.556712,-2.8999,-2.72833,1.74464,-0.671729,-3.64568,-3.14698,2.10095,3.02099,-3.95001,-3.74423,2.1525,-2.55494,-3.94455,-3.74682,1.52329,-2.27045,-3.84638,-3.25762,0.676897,0.19336,-3.21334,-2.68041,1.20044,-2.17634,-2.98063,-2.7438,1.40361,-1.04759,-3.57352,-3.51442,0.34701,-2.60154,-4.92349,-4.36499,0,0,0,0,0,0,0,0,0,0,0,0,0,0,0,0,97,4,2.16268,2,0.348125
1.01483,-0.393749,-1.66307,-1.15241,0.717955,0.345007,-2.23466,-1.44085,0.375775,-1.54883,-3.23747,-1.47103,1.01483,2.74784,-0.253347,-0.143,1.78479,2.77773,-0.816124,-0.64978,1.87225,2.91134,-1.28153,-0.91844,0.437904,-0.287668,-1.47149,-0.788295,1.50953,-2.82066,-1.23295,-1.09864,0.482373,-2.59326,-2.78047,-2.42215,0.984213,1.97866,-0.696498,-0.630456,0,0,0,0,0,0,0,0,0,0,0,0,0,0,0,0,40,2,0.260335,0,0
